OpenROAD 26Q3-1278-g4421880472 
Features included (+) or not (-): +GPU +GUI +Python
This program is licensed under the BSD-3 license. See the LICENSE file for details.
Components of this program may be licensed under more restrictive licenses which must be honored.
[INFO ODB-0227] LEF file: /OpenROAD-flow-scripts/flow/platforms/sky130hd/lef/sky130_fd_sc_hd.tlef, created 13 layers, 25 vias
[INFO ODB-0227] LEF file: /OpenROAD-flow-scripts/flow/platforms/sky130hd/lef/sky130_fd_sc_hd_merged.lef, created 441 library cells
==========================================
WORST NEGATIVE SLACK (WNS)
==========================================
worst slack max -3.85
worst slack min 0.01
==========================================
TOTAL NEGATIVE SLACK (TNS)
==========================================
tns max -49.59
==========================================
TOP 10 WORST PATHS (setup/max)
==========================================
[WARNING STA-0503] report_checks -group_count is deprecated. Use -group_path_count instead.
Startpoint: u_domain_c.u_rst_dsp.sync_rst_n$_DFF_PN0_
            (rising edge-triggered flip-flop clocked by clk_dsp)
Endpoint: u_domain_c.delay[0][0]$_DFFE_PN0N_
          (recovery check against rising-edge clock clk_dsp)
Path Group: asynchronous
Path Type: max

     Cap     Slew    Delay     Time   Description
---------------------------------------------------------------------------
            0.000    0.000    0.000   clock clk_dsp (rise edge)
                     0.000    0.000   clock network delay (ideal)
            0.000    0.000    0.000 ^ u_domain_c.u_rst_dsp.sync_rst_n$_DFF_PN0_/CLK (sky130_fd_sc_hd__dfrtp_1)
   0.498    4.217    3.251    3.251 ^ u_domain_c.u_rst_dsp.sync_rst_n$_DFF_PN0_/Q (sky130_fd_sc_hd__dfrtp_1)
            4.217    0.000    3.251 ^ u_domain_c.delay[0][0]$_DFFE_PN0N_/RESET_B (sky130_fd_sc_hd__dfrtp_1)
                              3.251   data arrival time

            0.000    4.000    4.000   clock clk_dsp (rise edge)
                     0.000    4.000   clock network delay (ideal)
                     0.000    4.000   clock reconvergence pessimism
                              4.000 ^ u_domain_c.delay[0][0]$_DFFE_PN0N_/CLK (sky130_fd_sc_hd__dfrtp_1)
                    -0.909    3.091   library recovery time
                              3.091   data required time
---------------------------------------------------------------------------
                              3.091   data required time
                             -3.251   data arrival time
---------------------------------------------------------------------------
                             -0.160   slack (VIOLATED)


Startpoint: u_domain_c.u_rst_dsp.sync_rst_n$_DFF_PN0_
            (rising edge-triggered flip-flop clocked by clk_dsp)
Endpoint: u_domain_c.delay[0][1]$_DFFE_PN0N_
          (recovery check against rising-edge clock clk_dsp)
Path Group: asynchronous
Path Type: max

     Cap     Slew    Delay     Time   Description
---------------------------------------------------------------------------
            0.000    0.000    0.000   clock clk_dsp (rise edge)
                     0.000    0.000   clock network delay (ideal)
            0.000    0.000    0.000 ^ u_domain_c.u_rst_dsp.sync_rst_n$_DFF_PN0_/CLK (sky130_fd_sc_hd__dfrtp_1)
   0.498    4.217    3.251    3.251 ^ u_domain_c.u_rst_dsp.sync_rst_n$_DFF_PN0_/Q (sky130_fd_sc_hd__dfrtp_1)
            4.217    0.000    3.251 ^ u_domain_c.delay[0][1]$_DFFE_PN0N_/RESET_B (sky130_fd_sc_hd__dfrtp_1)
                              3.251   data arrival time

            0.000    4.000    4.000   clock clk_dsp (rise edge)
                     0.000    4.000   clock network delay (ideal)
                     0.000    4.000   clock reconvergence pessimism
                              4.000 ^ u_domain_c.delay[0][1]$_DFFE_PN0N_/CLK (sky130_fd_sc_hd__dfrtp_1)
                    -0.909    3.091   library recovery time
                              3.091   data required time
---------------------------------------------------------------------------
                              3.091   data required time
                             -3.251   data arrival time
---------------------------------------------------------------------------
                             -0.160   slack (VIOLATED)


Startpoint: u_domain_c.u_rst_dsp.sync_rst_n$_DFF_PN0_
            (rising edge-triggered flip-flop clocked by clk_dsp)
Endpoint: u_domain_c.delay[0][2]$_DFFE_PN0N_
          (recovery check against rising-edge clock clk_dsp)
Path Group: asynchronous
Path Type: max

     Cap     Slew    Delay     Time   Description
---------------------------------------------------------------------------
            0.000    0.000    0.000   clock clk_dsp (rise edge)
                     0.000    0.000   clock network delay (ideal)
            0.000    0.000    0.000 ^ u_domain_c.u_rst_dsp.sync_rst_n$_DFF_PN0_/CLK (sky130_fd_sc_hd__dfrtp_1)
   0.498    4.217    3.251    3.251 ^ u_domain_c.u_rst_dsp.sync_rst_n$_DFF_PN0_/Q (sky130_fd_sc_hd__dfrtp_1)
            4.217    0.000    3.251 ^ u_domain_c.delay[0][2]$_DFFE_PN0N_/RESET_B (sky130_fd_sc_hd__dfrtp_1)
                              3.251   data arrival time

            0.000    4.000    4.000   clock clk_dsp (rise edge)
                     0.000    4.000   clock network delay (ideal)
                     0.000    4.000   clock reconvergence pessimism
                              4.000 ^ u_domain_c.delay[0][2]$_DFFE_PN0N_/CLK (sky130_fd_sc_hd__dfrtp_1)
                    -0.909    3.091   library recovery time
                              3.091   data required time
---------------------------------------------------------------------------
                              3.091   data required time
                             -3.251   data arrival time
---------------------------------------------------------------------------
                             -0.160   slack (VIOLATED)


Startpoint: u_domain_c.u_rst_dsp.sync_rst_n$_DFF_PN0_
            (rising edge-triggered flip-flop clocked by clk_dsp)
Endpoint: u_domain_c.delay[0][3]$_DFFE_PN0N_
          (recovery check against rising-edge clock clk_dsp)
Path Group: asynchronous
Path Type: max

     Cap     Slew    Delay     Time   Description
---------------------------------------------------------------------------
            0.000    0.000    0.000   clock clk_dsp (rise edge)
                     0.000    0.000   clock network delay (ideal)
            0.000    0.000    0.000 ^ u_domain_c.u_rst_dsp.sync_rst_n$_DFF_PN0_/CLK (sky130_fd_sc_hd__dfrtp_1)
   0.498    4.217    3.251    3.251 ^ u_domain_c.u_rst_dsp.sync_rst_n$_DFF_PN0_/Q (sky130_fd_sc_hd__dfrtp_1)
            4.217    0.000    3.251 ^ u_domain_c.delay[0][3]$_DFFE_PN0N_/RESET_B (sky130_fd_sc_hd__dfrtp_1)
                              3.251   data arrival time

            0.000    4.000    4.000   clock clk_dsp (rise edge)
                     0.000    4.000   clock network delay (ideal)
                     0.000    4.000   clock reconvergence pessimism
                              4.000 ^ u_domain_c.delay[0][3]$_DFFE_PN0N_/CLK (sky130_fd_sc_hd__dfrtp_1)
                    -0.909    3.091   library recovery time
                              3.091   data required time
---------------------------------------------------------------------------
                              3.091   data required time
                             -3.251   data arrival time
---------------------------------------------------------------------------
                             -0.160   slack (VIOLATED)


Startpoint: u_domain_c.u_rst_dsp.sync_rst_n$_DFF_PN0_
            (rising edge-triggered flip-flop clocked by clk_dsp)
Endpoint: u_domain_c.delay[0][4]$_DFFE_PN0N_
          (recovery check against rising-edge clock clk_dsp)
Path Group: asynchronous
Path Type: max

     Cap     Slew    Delay     Time   Description
---------------------------------------------------------------------------
            0.000    0.000    0.000   clock clk_dsp (rise edge)
                     0.000    0.000   clock network delay (ideal)
            0.000    0.000    0.000 ^ u_domain_c.u_rst_dsp.sync_rst_n$_DFF_PN0_/CLK (sky130_fd_sc_hd__dfrtp_1)
   0.498    4.217    3.251    3.251 ^ u_domain_c.u_rst_dsp.sync_rst_n$_DFF_PN0_/Q (sky130_fd_sc_hd__dfrtp_1)
            4.217    0.000    3.251 ^ u_domain_c.delay[0][4]$_DFFE_PN0N_/RESET_B (sky130_fd_sc_hd__dfrtp_1)
                              3.251   data arrival time

            0.000    4.000    4.000   clock clk_dsp (rise edge)
                     0.000    4.000   clock network delay (ideal)
                     0.000    4.000   clock reconvergence pessimism
                              4.000 ^ u_domain_c.delay[0][4]$_DFFE_PN0N_/CLK (sky130_fd_sc_hd__dfrtp_1)
                    -0.909    3.091   library recovery time
                              3.091   data required time
---------------------------------------------------------------------------
                              3.091   data required time
                             -3.251   data arrival time
---------------------------------------------------------------------------
                             -0.160   slack (VIOLATED)


Startpoint: u_domain_c.u_rst_dsp.sync_rst_n$_DFF_PN0_
            (rising edge-triggered flip-flop clocked by clk_dsp)
Endpoint: u_domain_c.delay[0][5]$_DFFE_PN0N_
          (recovery check against rising-edge clock clk_dsp)
Path Group: asynchronous
Path Type: max

     Cap     Slew    Delay     Time   Description
---------------------------------------------------------------------------
            0.000    0.000    0.000   clock clk_dsp (rise edge)
                     0.000    0.000   clock network delay (ideal)
            0.000    0.000    0.000 ^ u_domain_c.u_rst_dsp.sync_rst_n$_DFF_PN0_/CLK (sky130_fd_sc_hd__dfrtp_1)
   0.498    4.217    3.251    3.251 ^ u_domain_c.u_rst_dsp.sync_rst_n$_DFF_PN0_/Q (sky130_fd_sc_hd__dfrtp_1)
            4.217    0.000    3.251 ^ u_domain_c.delay[0][5]$_DFFE_PN0N_/RESET_B (sky130_fd_sc_hd__dfrtp_1)
                              3.251   data arrival time

            0.000    4.000    4.000   clock clk_dsp (rise edge)
                     0.000    4.000   clock network delay (ideal)
                     0.000    4.000   clock reconvergence pessimism
                              4.000 ^ u_domain_c.delay[0][5]$_DFFE_PN0N_/CLK (sky130_fd_sc_hd__dfrtp_1)
                    -0.909    3.091   library recovery time
                              3.091   data required time
---------------------------------------------------------------------------
                              3.091   data required time
                             -3.251   data arrival time
---------------------------------------------------------------------------
                             -0.160   slack (VIOLATED)


Startpoint: u_domain_c.u_rst_dsp.sync_rst_n$_DFF_PN0_
            (rising edge-triggered flip-flop clocked by clk_dsp)
Endpoint: u_domain_c.delay[0][6]$_DFFE_PN0N_
          (recovery check against rising-edge clock clk_dsp)
Path Group: asynchronous
Path Type: max

     Cap     Slew    Delay     Time   Description
---------------------------------------------------------------------------
            0.000    0.000    0.000   clock clk_dsp (rise edge)
                     0.000    0.000   clock network delay (ideal)
            0.000    0.000    0.000 ^ u_domain_c.u_rst_dsp.sync_rst_n$_DFF_PN0_/CLK (sky130_fd_sc_hd__dfrtp_1)
   0.498    4.217    3.251    3.251 ^ u_domain_c.u_rst_dsp.sync_rst_n$_DFF_PN0_/Q (sky130_fd_sc_hd__dfrtp_1)
            4.217    0.000    3.251 ^ u_domain_c.delay[0][6]$_DFFE_PN0N_/RESET_B (sky130_fd_sc_hd__dfrtp_1)
                              3.251   data arrival time

            0.000    4.000    4.000   clock clk_dsp (rise edge)
                     0.000    4.000   clock network delay (ideal)
                     0.000    4.000   clock reconvergence pessimism
                              4.000 ^ u_domain_c.delay[0][6]$_DFFE_PN0N_/CLK (sky130_fd_sc_hd__dfrtp_1)
                    -0.909    3.091   library recovery time
                              3.091   data required time
---------------------------------------------------------------------------
                              3.091   data required time
                             -3.251   data arrival time
---------------------------------------------------------------------------
                             -0.160   slack (VIOLATED)


Startpoint: u_domain_c.u_rst_dsp.sync_rst_n$_DFF_PN0_
            (rising edge-triggered flip-flop clocked by clk_dsp)
Endpoint: u_domain_c.delay[0][7]$_DFFE_PN0N_
          (recovery check against rising-edge clock clk_dsp)
Path Group: asynchronous
Path Type: max

     Cap     Slew    Delay     Time   Description
---------------------------------------------------------------------------
            0.000    0.000    0.000   clock clk_dsp (rise edge)
                     0.000    0.000   clock network delay (ideal)
            0.000    0.000    0.000 ^ u_domain_c.u_rst_dsp.sync_rst_n$_DFF_PN0_/CLK (sky130_fd_sc_hd__dfrtp_1)
   0.498    4.217    3.251    3.251 ^ u_domain_c.u_rst_dsp.sync_rst_n$_DFF_PN0_/Q (sky130_fd_sc_hd__dfrtp_1)
            4.217    0.000    3.251 ^ u_domain_c.delay[0][7]$_DFFE_PN0N_/RESET_B (sky130_fd_sc_hd__dfrtp_1)
                              3.251   data arrival time

            0.000    4.000    4.000   clock clk_dsp (rise edge)
                     0.000    4.000   clock network delay (ideal)
                     0.000    4.000   clock reconvergence pessimism
                              4.000 ^ u_domain_c.delay[0][7]$_DFFE_PN0N_/CLK (sky130_fd_sc_hd__dfrtp_1)
                    -0.909    3.091   library recovery time
                              3.091   data required time
---------------------------------------------------------------------------
                              3.091   data required time
                             -3.251   data arrival time
---------------------------------------------------------------------------
                             -0.160   slack (VIOLATED)


Startpoint: u_domain_c.u_rst_dsp.sync_rst_n$_DFF_PN0_
            (rising edge-triggered flip-flop clocked by clk_dsp)
Endpoint: u_domain_c.delay[10][0]$_DFFE_PN0N_
          (recovery check against rising-edge clock clk_dsp)
Path Group: asynchronous
Path Type: max

     Cap     Slew    Delay     Time   Description
---------------------------------------------------------------------------
            0.000    0.000    0.000   clock clk_dsp (rise edge)
                     0.000    0.000   clock network delay (ideal)
            0.000    0.000    0.000 ^ u_domain_c.u_rst_dsp.sync_rst_n$_DFF_PN0_/CLK (sky130_fd_sc_hd__dfrtp_1)
   0.498    4.217    3.251    3.251 ^ u_domain_c.u_rst_dsp.sync_rst_n$_DFF_PN0_/Q (sky130_fd_sc_hd__dfrtp_1)
            4.217    0.000    3.251 ^ u_domain_c.delay[10][0]$_DFFE_PN0N_/RESET_B (sky130_fd_sc_hd__dfrtp_1)
                              3.251   data arrival time

            0.000    4.000    4.000   clock clk_dsp (rise edge)
                     0.000    4.000   clock network delay (ideal)
                     0.000    4.000   clock reconvergence pessimism
                              4.000 ^ u_domain_c.delay[10][0]$_DFFE_PN0N_/CLK (sky130_fd_sc_hd__dfrtp_1)
                    -0.909    3.091   library recovery time
                              3.091   data required time
---------------------------------------------------------------------------
                              3.091   data required time
                             -3.251   data arrival time
---------------------------------------------------------------------------
                             -0.160   slack (VIOLATED)


Startpoint: u_domain_c.u_rst_dsp.sync_rst_n$_DFF_PN0_
            (rising edge-triggered flip-flop clocked by clk_dsp)
Endpoint: u_domain_c.delay[10][1]$_DFFE_PN0N_
          (recovery check against rising-edge clock clk_dsp)
Path Group: asynchronous
Path Type: max

     Cap     Slew    Delay     Time   Description
---------------------------------------------------------------------------
            0.000    0.000    0.000   clock clk_dsp (rise edge)
                     0.000    0.000   clock network delay (ideal)
            0.000    0.000    0.000 ^ u_domain_c.u_rst_dsp.sync_rst_n$_DFF_PN0_/CLK (sky130_fd_sc_hd__dfrtp_1)
   0.498    4.217    3.251    3.251 ^ u_domain_c.u_rst_dsp.sync_rst_n$_DFF_PN0_/Q (sky130_fd_sc_hd__dfrtp_1)
            4.217    0.000    3.251 ^ u_domain_c.delay[10][1]$_DFFE_PN0N_/RESET_B (sky130_fd_sc_hd__dfrtp_1)
                              3.251   data arrival time

            0.000    4.000    4.000   clock clk_dsp (rise edge)
                     0.000    4.000   clock network delay (ideal)
                     0.000    4.000   clock reconvergence pessimism
                              4.000 ^ u_domain_c.delay[10][1]$_DFFE_PN0N_/CLK (sky130_fd_sc_hd__dfrtp_1)
                    -0.909    3.091   library recovery time
                              3.091   data required time
---------------------------------------------------------------------------
                              3.091   data required time
                             -3.251   data arrival time
---------------------------------------------------------------------------
                             -0.160   slack (VIOLATED)


Startpoint: u_domain_a.heartbeat_counter[0]$_DFF_PN0_
            (rising edge-triggered flip-flop clocked by clk_150)
Endpoint: u_domain_a.heartbeat_counter[7]$_DFF_PN0_
          (rising edge-triggered flip-flop clocked by clk_150)
Path Group: clk_150
Path Type: max

     Cap     Slew    Delay     Time   Description
---------------------------------------------------------------------------
            0.000    0.000    0.000   clock clk_150 (rise edge)
                     0.000    0.000   clock network delay (ideal)
            0.000    0.000    0.000 ^ u_domain_a.heartbeat_counter[0]$_DFF_PN0_/CLK (sky130_fd_sc_hd__dfrtp_1)
   0.010    0.100    0.345    0.345 ^ u_domain_a.heartbeat_counter[0]$_DFF_PN0_/Q (sky130_fd_sc_hd__dfrtp_1)
            0.100    0.000    0.345 ^ _3236_/C (sky130_fd_sc_hd__and3_1)
   0.002    0.048    0.156    0.501 ^ _3236_/X (sky130_fd_sc_hd__and3_1)
            0.048    0.000    0.501 ^ _3237_/C (sky130_fd_sc_hd__nand3_1)
   0.006    0.083    0.093    0.594 v _3237_/Y (sky130_fd_sc_hd__nand3_1)
            0.083    0.000    0.594 v _4731_/A (sky130_fd_sc_hd__or2_2)
   0.004    0.061    0.311    0.904 v _4731_/X (sky130_fd_sc_hd__or2_2)
            0.061    0.000    0.904 v _4732_/B (sky130_fd_sc_hd__xnor2_1)
   0.002    0.040    0.119    1.023 v _4732_/Y (sky130_fd_sc_hd__xnor2_1)
            0.040    0.000    1.023 v u_domain_a.heartbeat_counter[7]$_DFF_PN0_/D (sky130_fd_sc_hd__dfrtp_1)
                              1.023   data arrival time

            0.000    6.666    6.666   clock clk_150 (rise edge)
                     0.000    6.666   clock network delay (ideal)
                     0.000    6.666   clock reconvergence pessimism
                              6.666 ^ u_domain_a.heartbeat_counter[7]$_DFF_PN0_/CLK (sky130_fd_sc_hd__dfrtp_1)
                    -0.123    6.543   library setup time
                              6.543   data required time
---------------------------------------------------------------------------
                              6.543   data required time
                             -1.023   data arrival time
---------------------------------------------------------------------------
                              5.520   slack (MET)


Startpoint: u_domain_a.heartbeat_counter[0]$_DFF_PN0_
            (rising edge-triggered flip-flop clocked by clk_150)
Endpoint: u_domain_a.heartbeat_counter[6]$_DFF_PN0_
          (rising edge-triggered flip-flop clocked by clk_150)
Path Group: clk_150
Path Type: max

     Cap     Slew    Delay     Time   Description
---------------------------------------------------------------------------
            0.000    0.000    0.000   clock clk_150 (rise edge)
                     0.000    0.000   clock network delay (ideal)
            0.000    0.000    0.000 ^ u_domain_a.heartbeat_counter[0]$_DFF_PN0_/CLK (sky130_fd_sc_hd__dfrtp_1)
   0.009    0.068    0.370    0.370 v u_domain_a.heartbeat_counter[0]$_DFF_PN0_/Q (sky130_fd_sc_hd__dfrtp_1)
            0.068    0.000    0.370 v _5265_/A (sky130_fd_sc_hd__ha_1)
   0.006    0.056    0.215    0.586 v _5265_/COUT (sky130_fd_sc_hd__ha_1)
            0.056    0.000    0.586 v _3203_/C (sky130_fd_sc_hd__and3_1)
   0.006    0.054    0.197    0.783 v _3203_/X (sky130_fd_sc_hd__and3_1)
            0.054    0.000    0.783 v _3204_/C (sky130_fd_sc_hd__nand3_1)
   0.005    0.078    0.092    0.874 ^ _3204_/Y (sky130_fd_sc_hd__nand3_1)
            0.078    0.000    0.874 ^ _3205_/B (sky130_fd_sc_hd__xnor2_1)
   0.002    0.102    0.108    0.982 ^ _3205_/Y (sky130_fd_sc_hd__xnor2_1)
            0.102    0.000    0.982 ^ u_domain_a.heartbeat_counter[6]$_DFF_PN0_/D (sky130_fd_sc_hd__dfrtp_1)
                              0.982   data arrival time

            0.000    6.666    6.666   clock clk_150 (rise edge)
                     0.000    6.666   clock network delay (ideal)
                     0.000    6.666   clock reconvergence pessimism
                              6.666 ^ u_domain_a.heartbeat_counter[6]$_DFF_PN0_/CLK (sky130_fd_sc_hd__dfrtp_1)
                    -0.080    6.586   library setup time
                              6.586   data required time
---------------------------------------------------------------------------
                              6.586   data required time
                             -0.982   data arrival time
---------------------------------------------------------------------------
                              5.604   slack (MET)


Startpoint: u_domain_a.heartbeat_counter[0]$_DFF_PN0_
            (rising edge-triggered flip-flop clocked by clk_150)
Endpoint: u_domain_a.heartbeat_counter[4]$_DFF_PN0_
          (rising edge-triggered flip-flop clocked by clk_150)
Path Group: clk_150
Path Type: max

     Cap     Slew    Delay     Time   Description
---------------------------------------------------------------------------
            0.000    0.000    0.000   clock clk_150 (rise edge)
                     0.000    0.000   clock network delay (ideal)
            0.000    0.000    0.000 ^ u_domain_a.heartbeat_counter[0]$_DFF_PN0_/CLK (sky130_fd_sc_hd__dfrtp_1)
   0.009    0.068    0.370    0.370 v u_domain_a.heartbeat_counter[0]$_DFF_PN0_/Q (sky130_fd_sc_hd__dfrtp_1)
            0.068    0.000    0.370 v _5265_/A (sky130_fd_sc_hd__ha_1)
   0.006    0.056    0.215    0.586 v _5265_/COUT (sky130_fd_sc_hd__ha_1)
            0.056    0.000    0.586 v _3203_/C (sky130_fd_sc_hd__and3_1)
   0.006    0.054    0.197    0.783 v _3203_/X (sky130_fd_sc_hd__and3_1)
            0.054    0.000    0.783 v _4712_/B (sky130_fd_sc_hd__xor2_1)
   0.002    0.043    0.134    0.917 v _4712_/X (sky130_fd_sc_hd__xor2_1)
            0.043    0.000    0.917 v u_domain_a.heartbeat_counter[4]$_DFF_PN0_/D (sky130_fd_sc_hd__dfrtp_1)
                              0.917   data arrival time

            0.000    6.666    6.666   clock clk_150 (rise edge)
                     0.000    6.666   clock network delay (ideal)
                     0.000    6.666   clock reconvergence pessimism
                              6.666 ^ u_domain_a.heartbeat_counter[4]$_DFF_PN0_/CLK (sky130_fd_sc_hd__dfrtp_1)
                    -0.124    6.542   library setup time
                              6.542   data required time
---------------------------------------------------------------------------
                              6.542   data required time
                             -0.917   data arrival time
---------------------------------------------------------------------------
                              5.626   slack (MET)


Startpoint: u_domain_a.heartbeat_counter[0]$_DFF_PN0_
            (rising edge-triggered flip-flop clocked by clk_150)
Endpoint: u_domain_a.heartbeat_counter[5]$_DFF_PN0_
          (rising edge-triggered flip-flop clocked by clk_150)
Path Group: clk_150
Path Type: max

     Cap     Slew    Delay     Time   Description
---------------------------------------------------------------------------
            0.000    0.000    0.000   clock clk_150 (rise edge)
                     0.000    0.000   clock network delay (ideal)
            0.000    0.000    0.000 ^ u_domain_a.heartbeat_counter[0]$_DFF_PN0_/CLK (sky130_fd_sc_hd__dfrtp_1)
   0.010    0.100    0.345    0.345 ^ u_domain_a.heartbeat_counter[0]$_DFF_PN0_/Q (sky130_fd_sc_hd__dfrtp_1)
            0.100    0.000    0.345 ^ _3236_/C (sky130_fd_sc_hd__and3_1)
   0.002    0.048    0.156    0.501 ^ _3236_/X (sky130_fd_sc_hd__and3_1)
            0.048    0.000    0.501 ^ _3237_/C (sky130_fd_sc_hd__nand3_1)
   0.006    0.083    0.093    0.594 v _3237_/Y (sky130_fd_sc_hd__nand3_1)
            0.083    0.000    0.594 v _3238_/B (sky130_fd_sc_hd__xnor2_1)
   0.002    0.040    0.128    0.722 v _3238_/Y (sky130_fd_sc_hd__xnor2_1)
            0.040    0.000    0.722 v u_domain_a.heartbeat_counter[5]$_DFF_PN0_/D (sky130_fd_sc_hd__dfrtp_1)
                              0.722   data arrival time

            0.000    6.666    6.666   clock clk_150 (rise edge)
                     0.000    6.666   clock network delay (ideal)
                     0.000    6.666   clock reconvergence pessimism
                              6.666 ^ u_domain_a.heartbeat_counter[5]$_DFF_PN0_/CLK (sky130_fd_sc_hd__dfrtp_1)
                    -0.123    6.543   library setup time
                              6.543   data required time
---------------------------------------------------------------------------
                              6.543   data required time
                             -0.722   data arrival time
---------------------------------------------------------------------------
                              5.821   slack (MET)


Startpoint: u_domain_a.heartbeat_counter[0]$_DFF_PN0_
            (rising edge-triggered flip-flop clocked by clk_150)
Endpoint: u_domain_a.heartbeat_counter[2]$_DFF_PN0_
          (rising edge-triggered flip-flop clocked by clk_150)
Path Group: clk_150
Path Type: max

     Cap     Slew    Delay     Time   Description
---------------------------------------------------------------------------
            0.000    0.000    0.000   clock clk_150 (rise edge)
                     0.000    0.000   clock network delay (ideal)
            0.000    0.000    0.000 ^ u_domain_a.heartbeat_counter[0]$_DFF_PN0_/CLK (sky130_fd_sc_hd__dfrtp_1)
   0.009    0.068    0.370    0.370 v u_domain_a.heartbeat_counter[0]$_DFF_PN0_/Q (sky130_fd_sc_hd__dfrtp_1)
            0.068    0.000    0.370 v _5265_/A (sky130_fd_sc_hd__ha_1)
   0.006    0.056    0.215    0.586 v _5265_/COUT (sky130_fd_sc_hd__ha_1)
            0.056    0.000    0.586 v _3235_/B (sky130_fd_sc_hd__xor2_1)
   0.002    0.043    0.135    0.721 v _3235_/X (sky130_fd_sc_hd__xor2_1)
            0.043    0.000    0.721 v u_domain_a.heartbeat_counter[2]$_DFF_PN0_/D (sky130_fd_sc_hd__dfrtp_1)
                              0.721   data arrival time

            0.000    6.666    6.666   clock clk_150 (rise edge)
                     0.000    6.666   clock network delay (ideal)
                     0.000    6.666   clock reconvergence pessimism
                              6.666 ^ u_domain_a.heartbeat_counter[2]$_DFF_PN0_/CLK (sky130_fd_sc_hd__dfrtp_1)
                    -0.124    6.542   library setup time
                              6.542   data required time
---------------------------------------------------------------------------
                              6.542   data required time
                             -0.721   data arrival time
---------------------------------------------------------------------------
                              5.822   slack (MET)


Startpoint: u_domain_a.heartbeat_counter[0]$_DFF_PN0_
            (rising edge-triggered flip-flop clocked by clk_150)
Endpoint: u_domain_a.heartbeat_counter[1]$_DFF_PN0_
          (rising edge-triggered flip-flop clocked by clk_150)
Path Group: clk_150
Path Type: max

     Cap     Slew    Delay     Time   Description
---------------------------------------------------------------------------
            0.000    0.000    0.000   clock clk_150 (rise edge)
                     0.000    0.000   clock network delay (ideal)
            0.000    0.000    0.000 ^ u_domain_a.heartbeat_counter[0]$_DFF_PN0_/CLK (sky130_fd_sc_hd__dfrtp_1)
   0.009    0.068    0.370    0.370 v u_domain_a.heartbeat_counter[0]$_DFF_PN0_/Q (sky130_fd_sc_hd__dfrtp_1)
            0.068    0.000    0.370 v _5265_/A (sky130_fd_sc_hd__ha_1)
   0.002    0.048    0.285    0.655 v _5265_/SUM (sky130_fd_sc_hd__ha_1)
            0.048    0.000    0.655 v u_domain_a.heartbeat_counter[1]$_DFF_PN0_/D (sky130_fd_sc_hd__dfrtp_1)
                              0.655   data arrival time

            0.000    6.666    6.666   clock clk_150 (rise edge)
                     0.000    6.666   clock network delay (ideal)
                     0.000    6.666   clock reconvergence pessimism
                              6.666 ^ u_domain_a.heartbeat_counter[1]$_DFF_PN0_/CLK (sky130_fd_sc_hd__dfrtp_1)
                    -0.126    6.540   library setup time
                              6.540   data required time
---------------------------------------------------------------------------
                              6.540   data required time
                             -0.655   data arrival time
---------------------------------------------------------------------------
                              5.885   slack (MET)


Startpoint: u_domain_a.heartbeat_counter[2]$_DFF_PN0_
            (rising edge-triggered flip-flop clocked by clk_150)
Endpoint: u_domain_a.heartbeat_counter[3]$_DFF_PN0_
          (rising edge-triggered flip-flop clocked by clk_150)
Path Group: clk_150
Path Type: max

     Cap     Slew    Delay     Time   Description
---------------------------------------------------------------------------
            0.000    0.000    0.000   clock clk_150 (rise edge)
                     0.000    0.000   clock network delay (ideal)
            0.000    0.000    0.000 ^ u_domain_a.heartbeat_counter[2]$_DFF_PN0_/CLK (sky130_fd_sc_hd__dfrtp_1)
   0.011    0.111    0.353    0.353 ^ u_domain_a.heartbeat_counter[2]$_DFF_PN0_/Q (sky130_fd_sc_hd__dfrtp_1)
            0.111    0.000    0.353 ^ _3233_/A (sky130_fd_sc_hd__nand3_1)
   0.004    0.074    0.091    0.444 v _3233_/Y (sky130_fd_sc_hd__nand3_1)
            0.074    0.000    0.444 v _3234_/B (sky130_fd_sc_hd__xnor2_1)
   0.002    0.040    0.124    0.568 v _3234_/Y (sky130_fd_sc_hd__xnor2_1)
            0.040    0.000    0.568 v u_domain_a.heartbeat_counter[3]$_DFF_PN0_/D (sky130_fd_sc_hd__dfrtp_1)
                              0.568   data arrival time

            0.000    6.666    6.666   clock clk_150 (rise edge)
                     0.000    6.666   clock network delay (ideal)
                     0.000    6.666   clock reconvergence pessimism
                              6.666 ^ u_domain_a.heartbeat_counter[3]$_DFF_PN0_/CLK (sky130_fd_sc_hd__dfrtp_1)
                    -0.123    6.543   library setup time
                              6.543   data required time
---------------------------------------------------------------------------
                              6.543   data required time
                             -0.568   data arrival time
---------------------------------------------------------------------------
                              5.975   slack (MET)


Startpoint: u_domain_a.heartbeat_counter[0]$_DFF_PN0_
            (rising edge-triggered flip-flop clocked by clk_150)
Endpoint: u_domain_a.heartbeat_counter[0]$_DFF_PN0_
          (rising edge-triggered flip-flop clocked by clk_150)
Path Group: clk_150
Path Type: max

     Cap     Slew    Delay     Time   Description
---------------------------------------------------------------------------
            0.000    0.000    0.000   clock clk_150 (rise edge)
                     0.000    0.000   clock network delay (ideal)
            0.000    0.000    0.000 ^ u_domain_a.heartbeat_counter[0]$_DFF_PN0_/CLK (sky130_fd_sc_hd__dfrtp_1)
   0.010    0.100    0.345    0.345 ^ u_domain_a.heartbeat_counter[0]$_DFF_PN0_/Q (sky130_fd_sc_hd__dfrtp_1)
            0.100    0.000    0.345 ^ _3167_/A (sky130_fd_sc_hd__inv_1)
   0.002    0.029    0.042    0.387 v _3167_/Y (sky130_fd_sc_hd__inv_1)
            0.029    0.000    0.387 v u_domain_a.heartbeat_counter[0]$_DFF_PN0_/D (sky130_fd_sc_hd__dfrtp_1)
                              0.387   data arrival time

            0.000    6.666    6.666   clock clk_150 (rise edge)
                     0.000    6.666   clock network delay (ideal)
                     0.000    6.666   clock reconvergence pessimism
                              6.666 ^ u_domain_a.heartbeat_counter[0]$_DFF_PN0_/CLK (sky130_fd_sc_hd__dfrtp_1)
                    -0.118    6.548   library setup time
                              6.548   data required time
---------------------------------------------------------------------------
                              6.548   data required time
                             -0.387   data arrival time
---------------------------------------------------------------------------
                              6.161   slack (MET)


Startpoint: u_fifo_d_to_e.rd_ptr_gray[2]$_DFFE_PN0P_
            (rising edge-triggered flip-flop clocked by clk_periph)
Endpoint: u_domain_e.tx_shift[5]$_DFFE_PN1P_
          (rising edge-triggered flip-flop clocked by clk_25)
Path Group: clk_25
Path Type: max

     Cap     Slew    Delay     Time   Description
---------------------------------------------------------------------------
            0.000   20.000   20.000   clock clk_periph (rise edge)
                     0.000   20.000   clock network delay (ideal)
            0.000    0.000   20.000 ^ u_fifo_d_to_e.rd_ptr_gray[2]$_DFFE_PN0P_/CLK (sky130_fd_sc_hd__dfrtp_1)
   0.009    0.066    0.369   20.369 v u_fifo_d_to_e.rd_ptr_gray[2]$_DFFE_PN0P_/Q (sky130_fd_sc_hd__dfrtp_1)
            0.066    0.000   20.369 v _4376_/A (sky130_fd_sc_hd__xnor2_1)
   0.002    0.112    0.148   20.516 ^ _4376_/Y (sky130_fd_sc_hd__xnor2_1)
            0.112    0.000   20.516 ^ _4378_/B (sky130_fd_sc_hd__nand3_1)
   0.002    0.056    0.081   20.597 v _4378_/Y (sky130_fd_sc_hd__nand3_1)
            0.056    0.000   20.597 v _4381_/A (sky130_fd_sc_hd__nor3_1)
   0.006    0.246    0.252   20.849 ^ _4381_/Y (sky130_fd_sc_hd__nor3_1)
            0.246    0.000   20.849 ^ _4585_/A2 (sky130_fd_sc_hd__a21oi_1)
   0.013    0.125    0.174   21.023 v _4585_/Y (sky130_fd_sc_hd__a21oi_1)
            0.125    0.000   21.023 v _4586_/A (sky130_fd_sc_hd__clkbuf_1)
   0.020    0.122    0.200   21.222 v _4586_/X (sky130_fd_sc_hd__clkbuf_1)
            0.122    0.000   21.222 v _4742_/B1 (sky130_fd_sc_hd__a22o_1)
   0.002    0.038    0.198   21.420 v _4742_/X (sky130_fd_sc_hd__a22o_1)
            0.038    0.000   21.420 v _4743_/B1 (sky130_fd_sc_hd__a21o_1)
   0.002    0.032    0.142   21.562 v _4743_/X (sky130_fd_sc_hd__a21o_1)
            0.032    0.000   21.562 v u_domain_e.tx_shift[5]$_DFFE_PN1P_/D (sky130_fd_sc_hd__dfstp_2)
                             21.562   data arrival time

            0.000   40.000   40.000   clock clk_25 (rise edge)
                     0.000   40.000   clock network delay (ideal)
                     0.000   40.000   clock reconvergence pessimism
                             40.000 ^ u_domain_e.tx_shift[5]$_DFFE_PN1P_/CLK (sky130_fd_sc_hd__dfstp_2)
                    -0.077   39.923   library setup time
                             39.923   data required time
---------------------------------------------------------------------------
                             39.923   data required time
                            -21.562   data arrival time
---------------------------------------------------------------------------
                             18.361   slack (MET)


Startpoint: u_fifo_d_to_e.rd_ptr_gray[2]$_DFFE_PN0P_
            (rising edge-triggered flip-flop clocked by clk_periph)
Endpoint: u_domain_e.tx_shift[6]$_DFFE_PN1P_
          (rising edge-triggered flip-flop clocked by clk_25)
Path Group: clk_25
Path Type: max

     Cap     Slew    Delay     Time   Description
---------------------------------------------------------------------------
            0.000   20.000   20.000   clock clk_periph (rise edge)
                     0.000   20.000   clock network delay (ideal)
            0.000    0.000   20.000 ^ u_fifo_d_to_e.rd_ptr_gray[2]$_DFFE_PN0P_/CLK (sky130_fd_sc_hd__dfrtp_1)
   0.009    0.066    0.369   20.369 v u_fifo_d_to_e.rd_ptr_gray[2]$_DFFE_PN0P_/Q (sky130_fd_sc_hd__dfrtp_1)
            0.066    0.000   20.369 v _4376_/A (sky130_fd_sc_hd__xnor2_1)
   0.002    0.112    0.148   20.516 ^ _4376_/Y (sky130_fd_sc_hd__xnor2_1)
            0.112    0.000   20.516 ^ _4378_/B (sky130_fd_sc_hd__nand3_1)
   0.002    0.056    0.081   20.597 v _4378_/Y (sky130_fd_sc_hd__nand3_1)
            0.056    0.000   20.597 v _4381_/A (sky130_fd_sc_hd__nor3_1)
   0.006    0.246    0.252   20.849 ^ _4381_/Y (sky130_fd_sc_hd__nor3_1)
            0.246    0.000   20.849 ^ _4585_/A2 (sky130_fd_sc_hd__a21oi_1)
   0.013    0.125    0.174   21.023 v _4585_/Y (sky130_fd_sc_hd__a21oi_1)
            0.125    0.000   21.023 v _4586_/A (sky130_fd_sc_hd__clkbuf_1)
   0.020    0.122    0.200   21.222 v _4586_/X (sky130_fd_sc_hd__clkbuf_1)
            0.122    0.000   21.222 v _4740_/B1 (sky130_fd_sc_hd__a22o_1)
   0.002    0.038    0.198   21.420 v _4740_/X (sky130_fd_sc_hd__a22o_1)
            0.038    0.000   21.420 v _4741_/B1 (sky130_fd_sc_hd__a21o_1)
   0.002    0.032    0.142   21.562 v _4741_/X (sky130_fd_sc_hd__a21o_1)
            0.032    0.000   21.562 v u_domain_e.tx_shift[6]$_DFFE_PN1P_/D (sky130_fd_sc_hd__dfstp_2)
                             21.562   data arrival time

            0.000   40.000   40.000   clock clk_25 (rise edge)
                     0.000   40.000   clock network delay (ideal)
                     0.000   40.000   clock reconvergence pessimism
                             40.000 ^ u_domain_e.tx_shift[6]$_DFFE_PN1P_/CLK (sky130_fd_sc_hd__dfstp_2)
                    -0.077   39.923   library setup time
                             39.923   data required time
---------------------------------------------------------------------------
                             39.923   data required time
                            -21.562   data arrival time
---------------------------------------------------------------------------
                             18.361   slack (MET)


Startpoint: u_fifo_d_to_e.rd_ptr_gray[2]$_DFFE_PN0P_
            (rising edge-triggered flip-flop clocked by clk_periph)
Endpoint: u_domain_e.tx_shift[7]$_DFFE_PN1P_
          (rising edge-triggered flip-flop clocked by clk_25)
Path Group: clk_25
Path Type: max

     Cap     Slew    Delay     Time   Description
---------------------------------------------------------------------------
            0.000   20.000   20.000   clock clk_periph (rise edge)
                     0.000   20.000   clock network delay (ideal)
            0.000    0.000   20.000 ^ u_fifo_d_to_e.rd_ptr_gray[2]$_DFFE_PN0P_/CLK (sky130_fd_sc_hd__dfrtp_1)
   0.009    0.066    0.369   20.369 v u_fifo_d_to_e.rd_ptr_gray[2]$_DFFE_PN0P_/Q (sky130_fd_sc_hd__dfrtp_1)
            0.066    0.000   20.369 v _4376_/A (sky130_fd_sc_hd__xnor2_1)
   0.002    0.112    0.148   20.516 ^ _4376_/Y (sky130_fd_sc_hd__xnor2_1)
            0.112    0.000   20.516 ^ _4378_/B (sky130_fd_sc_hd__nand3_1)
   0.002    0.056    0.081   20.597 v _4378_/Y (sky130_fd_sc_hd__nand3_1)
            0.056    0.000   20.597 v _4381_/A (sky130_fd_sc_hd__nor3_1)
   0.006    0.246    0.252   20.849 ^ _4381_/Y (sky130_fd_sc_hd__nor3_1)
            0.246    0.000   20.849 ^ _4585_/A2 (sky130_fd_sc_hd__a21oi_1)
   0.013    0.125    0.174   21.023 v _4585_/Y (sky130_fd_sc_hd__a21oi_1)
            0.125    0.000   21.023 v _4586_/A (sky130_fd_sc_hd__clkbuf_1)
   0.020    0.122    0.200   21.222 v _4586_/X (sky130_fd_sc_hd__clkbuf_1)
            0.122    0.000   21.222 v _4738_/B1 (sky130_fd_sc_hd__a22o_1)
   0.002    0.038    0.198   21.420 v _4738_/X (sky130_fd_sc_hd__a22o_1)
            0.038    0.000   21.420 v _4739_/B1 (sky130_fd_sc_hd__a21o_1)
   0.002    0.032    0.142   21.562 v _4739_/X (sky130_fd_sc_hd__a21o_1)
            0.032    0.000   21.562 v u_domain_e.tx_shift[7]$_DFFE_PN1P_/D (sky130_fd_sc_hd__dfstp_2)
                             21.562   data arrival time

            0.000   40.000   40.000   clock clk_25 (rise edge)
                     0.000   40.000   clock network delay (ideal)
                     0.000   40.000   clock reconvergence pessimism
                             40.000 ^ u_domain_e.tx_shift[7]$_DFFE_PN1P_/CLK (sky130_fd_sc_hd__dfstp_2)
                    -0.077   39.923   library setup time
                             39.923   data required time
---------------------------------------------------------------------------
                             39.923   data required time
                            -21.562   data arrival time
---------------------------------------------------------------------------
                             18.361   slack (MET)


Startpoint: u_fifo_d_to_e.rd_ptr_gray[2]$_DFFE_PN0P_
            (rising edge-triggered flip-flop clocked by clk_periph)
Endpoint: u_domain_e.tx_shift[1]$_DFFE_PN1P_
          (rising edge-triggered flip-flop clocked by clk_25)
Path Group: clk_25
Path Type: max

     Cap     Slew    Delay     Time   Description
---------------------------------------------------------------------------
            0.000   20.000   20.000   clock clk_periph (rise edge)
                     0.000   20.000   clock network delay (ideal)
            0.000    0.000   20.000 ^ u_fifo_d_to_e.rd_ptr_gray[2]$_DFFE_PN0P_/CLK (sky130_fd_sc_hd__dfrtp_1)
   0.009    0.066    0.369   20.369 v u_fifo_d_to_e.rd_ptr_gray[2]$_DFFE_PN0P_/Q (sky130_fd_sc_hd__dfrtp_1)
            0.066    0.000   20.369 v _4376_/A (sky130_fd_sc_hd__xnor2_1)
   0.002    0.112    0.148   20.516 ^ _4376_/Y (sky130_fd_sc_hd__xnor2_1)
            0.112    0.000   20.516 ^ _4378_/B (sky130_fd_sc_hd__nand3_1)
   0.002    0.056    0.081   20.597 v _4378_/Y (sky130_fd_sc_hd__nand3_1)
            0.056    0.000   20.597 v _4381_/A (sky130_fd_sc_hd__nor3_1)
   0.006    0.246    0.252   20.849 ^ _4381_/Y (sky130_fd_sc_hd__nor3_1)
            0.246    0.000   20.849 ^ _4585_/A2 (sky130_fd_sc_hd__a21oi_1)
   0.013    0.125    0.174   21.023 v _4585_/Y (sky130_fd_sc_hd__a21oi_1)
            0.125    0.000   21.023 v _4737_/B (sky130_fd_sc_hd__nor2_1)
   0.020    0.357    0.317   21.340 ^ _4737_/Y (sky130_fd_sc_hd__nor2_1)
            0.357    0.000   21.340 ^ _4751_/A2 (sky130_fd_sc_hd__a21o_1)
   0.002    0.040    0.167   21.507 ^ _4751_/X (sky130_fd_sc_hd__a21o_1)
            0.040    0.000   21.507 ^ u_domain_e.tx_shift[1]$_DFFE_PN1P_/D (sky130_fd_sc_hd__dfstp_2)
                             21.507   data arrival time

            0.000   40.000   40.000   clock clk_25 (rise edge)
                     0.000   40.000   clock network delay (ideal)
                     0.000   40.000   clock reconvergence pessimism
                             40.000 ^ u_domain_e.tx_shift[1]$_DFFE_PN1P_/CLK (sky130_fd_sc_hd__dfstp_2)
                    -0.060   39.940   library setup time
                             39.940   data required time
---------------------------------------------------------------------------
                             39.940   data required time
                            -21.507   data arrival time
---------------------------------------------------------------------------
                             18.433   slack (MET)


Startpoint: u_fifo_d_to_e.rd_ptr_gray[2]$_DFFE_PN0P_
            (rising edge-triggered flip-flop clocked by clk_periph)
Endpoint: u_domain_e.tx_shift[2]$_DFFE_PN1P_
          (rising edge-triggered flip-flop clocked by clk_25)
Path Group: clk_25
Path Type: max

     Cap     Slew    Delay     Time   Description
---------------------------------------------------------------------------
            0.000   20.000   20.000   clock clk_periph (rise edge)
                     0.000   20.000   clock network delay (ideal)
            0.000    0.000   20.000 ^ u_fifo_d_to_e.rd_ptr_gray[2]$_DFFE_PN0P_/CLK (sky130_fd_sc_hd__dfrtp_1)
   0.009    0.066    0.369   20.369 v u_fifo_d_to_e.rd_ptr_gray[2]$_DFFE_PN0P_/Q (sky130_fd_sc_hd__dfrtp_1)
            0.066    0.000   20.369 v _4376_/A (sky130_fd_sc_hd__xnor2_1)
   0.002    0.112    0.148   20.516 ^ _4376_/Y (sky130_fd_sc_hd__xnor2_1)
            0.112    0.000   20.516 ^ _4378_/B (sky130_fd_sc_hd__nand3_1)
   0.002    0.056    0.081   20.597 v _4378_/Y (sky130_fd_sc_hd__nand3_1)
            0.056    0.000   20.597 v _4381_/A (sky130_fd_sc_hd__nor3_1)
   0.006    0.246    0.252   20.849 ^ _4381_/Y (sky130_fd_sc_hd__nor3_1)
            0.246    0.000   20.849 ^ _4585_/A2 (sky130_fd_sc_hd__a21oi_1)
   0.013    0.125    0.174   21.023 v _4585_/Y (sky130_fd_sc_hd__a21oi_1)
            0.125    0.000   21.023 v _4737_/B (sky130_fd_sc_hd__nor2_1)
   0.020    0.357    0.317   21.340 ^ _4737_/Y (sky130_fd_sc_hd__nor2_1)
            0.357    0.000   21.340 ^ _4749_/A2 (sky130_fd_sc_hd__a21o_1)
   0.002    0.040    0.167   21.507 ^ _4749_/X (sky130_fd_sc_hd__a21o_1)
            0.040    0.000   21.507 ^ u_domain_e.tx_shift[2]$_DFFE_PN1P_/D (sky130_fd_sc_hd__dfstp_2)
                             21.507   data arrival time

            0.000   40.000   40.000   clock clk_25 (rise edge)
                     0.000   40.000   clock network delay (ideal)
                     0.000   40.000   clock reconvergence pessimism
                             40.000 ^ u_domain_e.tx_shift[2]$_DFFE_PN1P_/CLK (sky130_fd_sc_hd__dfstp_2)
                    -0.060   39.940   library setup time
                             39.940   data required time
---------------------------------------------------------------------------
                             39.940   data required time
                            -21.507   data arrival time
---------------------------------------------------------------------------
                             18.433   slack (MET)


Startpoint: u_fifo_d_to_e.rd_ptr_gray[2]$_DFFE_PN0P_
            (rising edge-triggered flip-flop clocked by clk_periph)
Endpoint: u_domain_e.tx_shift[3]$_DFFE_PN1P_
          (rising edge-triggered flip-flop clocked by clk_25)
Path Group: clk_25
Path Type: max

     Cap     Slew    Delay     Time   Description
---------------------------------------------------------------------------
            0.000   20.000   20.000   clock clk_periph (rise edge)
                     0.000   20.000   clock network delay (ideal)
            0.000    0.000   20.000 ^ u_fifo_d_to_e.rd_ptr_gray[2]$_DFFE_PN0P_/CLK (sky130_fd_sc_hd__dfrtp_1)
   0.009    0.066    0.369   20.369 v u_fifo_d_to_e.rd_ptr_gray[2]$_DFFE_PN0P_/Q (sky130_fd_sc_hd__dfrtp_1)
            0.066    0.000   20.369 v _4376_/A (sky130_fd_sc_hd__xnor2_1)
   0.002    0.112    0.148   20.516 ^ _4376_/Y (sky130_fd_sc_hd__xnor2_1)
            0.112    0.000   20.516 ^ _4378_/B (sky130_fd_sc_hd__nand3_1)
   0.002    0.056    0.081   20.597 v _4378_/Y (sky130_fd_sc_hd__nand3_1)
            0.056    0.000   20.597 v _4381_/A (sky130_fd_sc_hd__nor3_1)
   0.006    0.246    0.252   20.849 ^ _4381_/Y (sky130_fd_sc_hd__nor3_1)
            0.246    0.000   20.849 ^ _4585_/A2 (sky130_fd_sc_hd__a21oi_1)
   0.013    0.125    0.174   21.023 v _4585_/Y (sky130_fd_sc_hd__a21oi_1)
            0.125    0.000   21.023 v _4737_/B (sky130_fd_sc_hd__nor2_1)
   0.020    0.357    0.317   21.340 ^ _4737_/Y (sky130_fd_sc_hd__nor2_1)
            0.357    0.000   21.340 ^ _4747_/A2 (sky130_fd_sc_hd__a21o_1)
   0.002    0.040    0.167   21.507 ^ _4747_/X (sky130_fd_sc_hd__a21o_1)
            0.040    0.000   21.507 ^ u_domain_e.tx_shift[3]$_DFFE_PN1P_/D (sky130_fd_sc_hd__dfstp_2)
                             21.507   data arrival time

            0.000   40.000   40.000   clock clk_25 (rise edge)
                     0.000   40.000   clock network delay (ideal)
                     0.000   40.000   clock reconvergence pessimism
                             40.000 ^ u_domain_e.tx_shift[3]$_DFFE_PN1P_/CLK (sky130_fd_sc_hd__dfstp_2)
                    -0.060   39.940   library setup time
                             39.940   data required time
---------------------------------------------------------------------------
                             39.940   data required time
                            -21.507   data arrival time
---------------------------------------------------------------------------
                             18.433   slack (MET)


Startpoint: u_fifo_d_to_e.rd_ptr_gray[2]$_DFFE_PN0P_
            (rising edge-triggered flip-flop clocked by clk_periph)
Endpoint: u_domain_e.tx_shift[4]$_DFFE_PN1P_
          (rising edge-triggered flip-flop clocked by clk_25)
Path Group: clk_25
Path Type: max

     Cap     Slew    Delay     Time   Description
---------------------------------------------------------------------------
            0.000   20.000   20.000   clock clk_periph (rise edge)
                     0.000   20.000   clock network delay (ideal)
            0.000    0.000   20.000 ^ u_fifo_d_to_e.rd_ptr_gray[2]$_DFFE_PN0P_/CLK (sky130_fd_sc_hd__dfrtp_1)
   0.009    0.066    0.369   20.369 v u_fifo_d_to_e.rd_ptr_gray[2]$_DFFE_PN0P_/Q (sky130_fd_sc_hd__dfrtp_1)
            0.066    0.000   20.369 v _4376_/A (sky130_fd_sc_hd__xnor2_1)
   0.002    0.112    0.148   20.516 ^ _4376_/Y (sky130_fd_sc_hd__xnor2_1)
            0.112    0.000   20.516 ^ _4378_/B (sky130_fd_sc_hd__nand3_1)
   0.002    0.056    0.081   20.597 v _4378_/Y (sky130_fd_sc_hd__nand3_1)
            0.056    0.000   20.597 v _4381_/A (sky130_fd_sc_hd__nor3_1)
   0.006    0.246    0.252   20.849 ^ _4381_/Y (sky130_fd_sc_hd__nor3_1)
            0.246    0.000   20.849 ^ _4585_/A2 (sky130_fd_sc_hd__a21oi_1)
   0.013    0.125    0.174   21.023 v _4585_/Y (sky130_fd_sc_hd__a21oi_1)
            0.125    0.000   21.023 v _4737_/B (sky130_fd_sc_hd__nor2_1)
   0.020    0.357    0.317   21.340 ^ _4737_/Y (sky130_fd_sc_hd__nor2_1)
            0.357    0.000   21.340 ^ _4745_/A2 (sky130_fd_sc_hd__a21o_1)
   0.002    0.040    0.167   21.507 ^ _4745_/X (sky130_fd_sc_hd__a21o_1)
            0.040    0.000   21.507 ^ u_domain_e.tx_shift[4]$_DFFE_PN1P_/D (sky130_fd_sc_hd__dfstp_2)
                             21.507   data arrival time

            0.000   40.000   40.000   clock clk_25 (rise edge)
                     0.000   40.000   clock network delay (ideal)
                     0.000   40.000   clock reconvergence pessimism
                             40.000 ^ u_domain_e.tx_shift[4]$_DFFE_PN1P_/CLK (sky130_fd_sc_hd__dfstp_2)
                    -0.060   39.940   library setup time
                             39.940   data required time
---------------------------------------------------------------------------
                             39.940   data required time
                            -21.507   data arrival time
---------------------------------------------------------------------------
                             18.433   slack (MET)


Startpoint: u_fifo_d_to_e.rd_ptr_gray[2]$_DFFE_PN0P_
            (rising edge-triggered flip-flop clocked by clk_periph)
Endpoint: u_domain_e.tx_active$_DFF_PN0_
          (rising edge-triggered flip-flop clocked by clk_25)
Path Group: clk_25
Path Type: max

     Cap     Slew    Delay     Time   Description
---------------------------------------------------------------------------
            0.000   20.000   20.000   clock clk_periph (rise edge)
                     0.000   20.000   clock network delay (ideal)
            0.000    0.000   20.000 ^ u_fifo_d_to_e.rd_ptr_gray[2]$_DFFE_PN0P_/CLK (sky130_fd_sc_hd__dfrtp_1)
   0.009    0.066    0.369   20.369 v u_fifo_d_to_e.rd_ptr_gray[2]$_DFFE_PN0P_/Q (sky130_fd_sc_hd__dfrtp_1)
            0.066    0.000   20.369 v _4376_/A (sky130_fd_sc_hd__xnor2_1)
   0.002    0.112    0.148   20.516 ^ _4376_/Y (sky130_fd_sc_hd__xnor2_1)
            0.112    0.000   20.516 ^ _4378_/B (sky130_fd_sc_hd__nand3_1)
   0.002    0.056    0.081   20.597 v _4378_/Y (sky130_fd_sc_hd__nand3_1)
            0.056    0.000   20.597 v _4381_/A (sky130_fd_sc_hd__nor3_1)
   0.006    0.246    0.252   20.849 ^ _4381_/Y (sky130_fd_sc_hd__nor3_1)
            0.246    0.000   20.849 ^ _4585_/A2 (sky130_fd_sc_hd__a21oi_1)
   0.013    0.125    0.174   21.023 v _4585_/Y (sky130_fd_sc_hd__a21oi_1)
            0.125    0.000   21.023 v _4737_/B (sky130_fd_sc_hd__nor2_1)
   0.020    0.357    0.317   21.340 ^ _4737_/Y (sky130_fd_sc_hd__nor2_1)
            0.357    0.000   21.340 ^ _5082_/B1 (sky130_fd_sc_hd__a41oi_1)
   0.002    0.095    0.070   21.410 v _5082_/Y (sky130_fd_sc_hd__a41oi_1)
            0.095    0.000   21.410 v u_domain_e.tx_active$_DFF_PN0_/D (sky130_fd_sc_hd__dfrtp_1)
                             21.410   data arrival time

            0.000   40.000   40.000   clock clk_25 (rise edge)
                     0.000   40.000   clock network delay (ideal)
                     0.000   40.000   clock reconvergence pessimism
                             40.000 ^ u_domain_e.tx_active$_DFF_PN0_/CLK (sky130_fd_sc_hd__dfrtp_1)
                    -0.146   39.854   library setup time
                             39.854   data required time
---------------------------------------------------------------------------
                             39.854   data required time
                            -21.410   data arrival time
---------------------------------------------------------------------------
                             18.444   slack (MET)


Startpoint: u_fifo_d_to_e.rd_ptr_gray[2]$_DFFE_PN0P_
            (rising edge-triggered flip-flop clocked by clk_periph)
Endpoint: u_domain_e.tx_bit_cnt[3]$_DFFE_PN0P_
          (rising edge-triggered flip-flop clocked by clk_25)
Path Group: clk_25
Path Type: max

     Cap     Slew    Delay     Time   Description
---------------------------------------------------------------------------
            0.000   20.000   20.000   clock clk_periph (rise edge)
                     0.000   20.000   clock network delay (ideal)
            0.000    0.000   20.000 ^ u_fifo_d_to_e.rd_ptr_gray[2]$_DFFE_PN0P_/CLK (sky130_fd_sc_hd__dfrtp_1)
   0.009    0.066    0.369   20.369 v u_fifo_d_to_e.rd_ptr_gray[2]$_DFFE_PN0P_/Q (sky130_fd_sc_hd__dfrtp_1)
            0.066    0.000   20.369 v _4376_/A (sky130_fd_sc_hd__xnor2_1)
   0.002    0.043    0.125   20.494 v _4376_/Y (sky130_fd_sc_hd__xnor2_1)
            0.043    0.000   20.494 v _4378_/B (sky130_fd_sc_hd__nand3_1)
   0.003    0.058    0.072   20.566 ^ _4378_/Y (sky130_fd_sc_hd__nand3_1)
            0.058    0.000   20.566 ^ _4381_/A (sky130_fd_sc_hd__nor3_1)
   0.006    0.050    0.061   20.627 v _4381_/Y (sky130_fd_sc_hd__nor3_1)
            0.050    0.000   20.627 v _4585_/A2 (sky130_fd_sc_hd__a21oi_1)
   0.015    0.337    0.306   20.933 ^ _4585_/Y (sky130_fd_sc_hd__a21oi_1)
            0.337    0.000   20.933 ^ _4586_/A (sky130_fd_sc_hd__clkbuf_1)
   0.023    0.271    0.286   21.219 ^ _4586_/X (sky130_fd_sc_hd__clkbuf_1)
            0.271    0.000   21.219 ^ _4936_/A_N (sky130_fd_sc_hd__nand3b_1)
   0.002    0.055    0.140   21.360 ^ _4936_/Y (sky130_fd_sc_hd__nand3b_1)
            0.055    0.000   21.360 ^ _4937_/B1 (sky130_fd_sc_hd__o21ai_0)
   0.002    0.050    0.066   21.426 v _4937_/Y (sky130_fd_sc_hd__o21ai_0)
            0.050    0.000   21.426 v u_domain_e.tx_bit_cnt[3]$_DFFE_PN0P_/D (sky130_fd_sc_hd__dfrtp_1)
                             21.426   data arrival time

            0.000   40.000   40.000   clock clk_25 (rise edge)
                     0.000   40.000   clock network delay (ideal)
                     0.000   40.000   clock reconvergence pessimism
                             40.000 ^ u_domain_e.tx_bit_cnt[3]$_DFFE_PN0P_/CLK (sky130_fd_sc_hd__dfrtp_1)
                    -0.127   39.873   library setup time
                             39.873   data required time
---------------------------------------------------------------------------
                             39.873   data required time
                            -21.426   data arrival time
---------------------------------------------------------------------------
                             18.448   slack (MET)


Startpoint: u_fifo_d_to_e.rd_ptr_gray[2]$_DFFE_PN0P_
            (rising edge-triggered flip-flop clocked by clk_periph)
Endpoint: u_domain_e.tx_bit_cnt[1]$_DFFE_PN0P_
          (rising edge-triggered flip-flop clocked by clk_25)
Path Group: clk_25
Path Type: max

     Cap     Slew    Delay     Time   Description
---------------------------------------------------------------------------
            0.000   20.000   20.000   clock clk_periph (rise edge)
                     0.000   20.000   clock network delay (ideal)
            0.000    0.000   20.000 ^ u_fifo_d_to_e.rd_ptr_gray[2]$_DFFE_PN0P_/CLK (sky130_fd_sc_hd__dfrtp_1)
   0.009    0.066    0.369   20.369 v u_fifo_d_to_e.rd_ptr_gray[2]$_DFFE_PN0P_/Q (sky130_fd_sc_hd__dfrtp_1)
            0.066    0.000   20.369 v _4376_/A (sky130_fd_sc_hd__xnor2_1)
   0.002    0.112    0.148   20.516 ^ _4376_/Y (sky130_fd_sc_hd__xnor2_1)
            0.112    0.000   20.516 ^ _4378_/B (sky130_fd_sc_hd__nand3_1)
   0.002    0.056    0.081   20.597 v _4378_/Y (sky130_fd_sc_hd__nand3_1)
            0.056    0.000   20.597 v _4381_/A (sky130_fd_sc_hd__nor3_1)
   0.006    0.246    0.252   20.849 ^ _4381_/Y (sky130_fd_sc_hd__nor3_1)
            0.246    0.000   20.849 ^ _4585_/A2 (sky130_fd_sc_hd__a21oi_1)
   0.013    0.125    0.174   21.023 v _4585_/Y (sky130_fd_sc_hd__a21oi_1)
            0.125    0.000   21.023 v _4586_/A (sky130_fd_sc_hd__clkbuf_1)
   0.020    0.122    0.200   21.222 v _4586_/X (sky130_fd_sc_hd__clkbuf_1)
            0.122    0.000   21.222 v _4593_/A3 (sky130_fd_sc_hd__o31ai_1)
   0.002    0.169    0.195   21.418 ^ _4593_/Y (sky130_fd_sc_hd__o31ai_1)
            0.169    0.000   21.418 ^ u_domain_e.tx_bit_cnt[1]$_DFFE_PN0P_/D (sky130_fd_sc_hd__dfrtp_1)
                             21.418   data arrival time

            0.000   40.000   40.000   clock clk_25 (rise edge)
                     0.000   40.000   clock network delay (ideal)
                     0.000   40.000   clock reconvergence pessimism
                             40.000 ^ u_domain_e.tx_bit_cnt[1]$_DFFE_PN0P_/CLK (sky130_fd_sc_hd__dfrtp_1)
                    -0.096   39.904   library setup time
                             39.904   data required time
---------------------------------------------------------------------------
                             39.904   data required time
                            -21.418   data arrival time
---------------------------------------------------------------------------
                             18.487   slack (MET)


Startpoint: u_domain_d.u_bridge_fifo.wr_ptr_bin[0]$_DFFE_PN0P_
            (rising edge-triggered flip-flop clocked by clk_bridge)
Endpoint: u_domain_d.u_sync_wr_en.stage1$_DFF_PN0_
          (rising edge-triggered flip-flop clocked by clk_33_d)
Path Group: clk_33_d
Path Type: max

     Cap     Slew    Delay     Time   Description
---------------------------------------------------------------------------
            0.000   20.000   20.000   clock clk_bridge (rise edge)
                     0.000   20.000   clock network delay (ideal)
            0.000    0.000   20.000 ^ u_domain_d.u_bridge_fifo.wr_ptr_bin[0]$_DFFE_PN0P_/CLK (sky130_fd_sc_hd__dfrtp_1)
   0.012    0.116    0.356   20.356 ^ u_domain_d.u_bridge_fifo.wr_ptr_bin[0]$_DFFE_PN0P_/Q (sky130_fd_sc_hd__dfrtp_1)
            0.116    0.000   20.356 ^ _3041_/A (sky130_fd_sc_hd__clkbuf_1)
   0.025    0.296    0.274   20.630 ^ _3041_/X (sky130_fd_sc_hd__clkbuf_1)
            0.296    0.000   20.630 ^ _3042_/A (sky130_fd_sc_hd__inv_1)
   0.006    0.080    0.099   20.729 v _3042_/Y (sky130_fd_sc_hd__inv_1)
            0.080    0.000   20.729 v _5266_/A (sky130_fd_sc_hd__ha_1)
   0.014    0.105    0.362   21.091 v _5266_/SUM (sky130_fd_sc_hd__ha_1)
            0.105    0.000   21.091 v _3471_/A (sky130_fd_sc_hd__or3_1)
   0.002    0.063    0.375   21.466 v _3471_/X (sky130_fd_sc_hd__or3_1)
            0.063    0.000   21.466 v _3487_/A1 (sky130_fd_sc_hd__a221o_2)
   0.024    0.108    0.425   21.891 v _3487_/X (sky130_fd_sc_hd__a221o_2)
            0.108    0.000   21.891 v _3501_/A1 (sky130_fd_sc_hd__o21ai_4)
   0.012    0.148    0.194   22.085 ^ _3501_/Y (sky130_fd_sc_hd__o21ai_4)
            0.148    0.000   22.085 ^ _4211_/A (sky130_fd_sc_hd__buf_6)
   0.033    0.077    0.155   22.239 ^ _4211_/X (sky130_fd_sc_hd__buf_6)
            0.077    0.000   22.239 ^ _5003_/A (sky130_fd_sc_hd__buf_4)
   0.025    0.081    0.150   22.390 ^ _5003_/X (sky130_fd_sc_hd__buf_4)
            0.081    0.000   22.390 ^ _5079_/A (sky130_fd_sc_hd__inv_1)
   0.002    0.026    0.039   22.429 v _5079_/Y (sky130_fd_sc_hd__inv_1)
            0.026    0.000   22.429 v u_domain_d.u_sync_wr_en.stage1$_DFF_PN0_/D (sky130_fd_sc_hd__dfrtp_1)
                             22.429   data arrival time

            0.000   30.000   30.000   clock clk_33_d (rise edge)
                     0.000   30.000   clock network delay (ideal)
                     0.000   30.000   clock reconvergence pessimism
                             30.000 ^ u_domain_d.u_sync_wr_en.stage1$_DFF_PN0_/CLK (sky130_fd_sc_hd__dfrtp_1)
                    -0.116   29.884   library setup time
                             29.884   data required time
---------------------------------------------------------------------------
                             29.884   data required time
                            -22.429   data arrival time
---------------------------------------------------------------------------
                              7.455   slack (MET)


Startpoint: u_domain_d.transfer_counter[3]$_DFFE_PN0P_
            (rising edge-triggered flip-flop clocked by clk_33_d)
Endpoint: u_domain_d.transfer_counter[15]$_DFFE_PN0P_
          (rising edge-triggered flip-flop clocked by clk_33_d)
Path Group: clk_33_d
Path Type: max

     Cap     Slew    Delay     Time   Description
---------------------------------------------------------------------------
            0.000    0.000    0.000   clock clk_33_d (rise edge)
                     0.000    0.000   clock network delay (ideal)
            0.000    0.000    0.000 ^ u_domain_d.transfer_counter[3]$_DFFE_PN0P_/CLK (sky130_fd_sc_hd__dfrtp_1)
   0.011    0.111    0.353    0.353 ^ u_domain_d.transfer_counter[3]$_DFFE_PN0P_/Q (sky130_fd_sc_hd__dfrtp_1)
            0.111    0.000    0.353 ^ _4250_/A (sky130_fd_sc_hd__and3_1)
   0.006    0.083    0.183    0.536 ^ _4250_/X (sky130_fd_sc_hd__and3_1)
            0.083    0.000    0.536 ^ _4251_/C (sky130_fd_sc_hd__and3_1)
   0.012    0.134    0.223    0.759 ^ _4251_/X (sky130_fd_sc_hd__and3_1)
            0.134    0.000    0.759 ^ _4257_/B (sky130_fd_sc_hd__nand2_1)
   0.004    0.055    0.077    0.836 v _4257_/Y (sky130_fd_sc_hd__nand2_1)
            0.055    0.000    0.836 v _4885_/B (sky130_fd_sc_hd__or4_1)
   0.004    0.097    0.514    1.350 v _4885_/X (sky130_fd_sc_hd__or4_1)
            0.097    0.000    1.350 v _4886_/B (sky130_fd_sc_hd__xnor2_1)
   0.002    0.040    0.134    1.484 v _4886_/Y (sky130_fd_sc_hd__xnor2_1)
            0.040    0.000    1.484 v u_domain_d.transfer_counter[15]$_DFFE_PN0P_/D (sky130_fd_sc_hd__dfrtp_1)
                              1.484   data arrival time

            0.000   30.000   30.000   clock clk_33_d (rise edge)
                     0.000   30.000   clock network delay (ideal)
                     0.000   30.000   clock reconvergence pessimism
                             30.000 ^ u_domain_d.transfer_counter[15]$_DFFE_PN0P_/CLK (sky130_fd_sc_hd__dfrtp_1)
                    -0.123   29.877   library setup time
                             29.877   data required time
---------------------------------------------------------------------------
                             29.877   data required time
                             -1.484   data arrival time
---------------------------------------------------------------------------
                             28.393   slack (MET)


Startpoint: u_domain_d.transfer_counter[3]$_DFFE_PN0P_
            (rising edge-triggered flip-flop clocked by clk_33_d)
Endpoint: u_domain_d.transfer_counter[11]$_DFFE_PN0P_
          (rising edge-triggered flip-flop clocked by clk_33_d)
Path Group: clk_33_d
Path Type: max

     Cap     Slew    Delay     Time   Description
---------------------------------------------------------------------------
            0.000    0.000    0.000   clock clk_33_d (rise edge)
                     0.000    0.000   clock network delay (ideal)
            0.000    0.000    0.000 ^ u_domain_d.transfer_counter[3]$_DFFE_PN0P_/CLK (sky130_fd_sc_hd__dfrtp_1)
   0.011    0.111    0.353    0.353 ^ u_domain_d.transfer_counter[3]$_DFFE_PN0P_/Q (sky130_fd_sc_hd__dfrtp_1)
            0.111    0.000    0.353 ^ _4250_/A (sky130_fd_sc_hd__and3_1)
   0.006    0.083    0.183    0.536 ^ _4250_/X (sky130_fd_sc_hd__and3_1)
            0.083    0.000    0.536 ^ _4251_/C (sky130_fd_sc_hd__and3_1)
   0.012    0.134    0.223    0.759 ^ _4251_/X (sky130_fd_sc_hd__and3_1)
            0.134    0.000    0.759 ^ _4257_/B (sky130_fd_sc_hd__nand2_1)
   0.004    0.055    0.077    0.836 v _4257_/Y (sky130_fd_sc_hd__nand2_1)
            0.055    0.000    0.836 v _4259_/A (sky130_fd_sc_hd__nor2_1)
   0.009    0.195    0.182    1.018 ^ _4259_/Y (sky130_fd_sc_hd__nor2_1)
            0.195    0.000    1.018 ^ _4264_/C (sky130_fd_sc_hd__nand3_1)
   0.004    0.078    0.115    1.132 v _4264_/Y (sky130_fd_sc_hd__nand3_1)
            0.078    0.000    1.132 v _4265_/B (sky130_fd_sc_hd__xnor2_1)
   0.002    0.040    0.126    1.258 v _4265_/Y (sky130_fd_sc_hd__xnor2_1)
            0.040    0.000    1.258 v u_domain_d.transfer_counter[11]$_DFFE_PN0P_/D (sky130_fd_sc_hd__dfrtp_1)
                              1.258   data arrival time

            0.000   30.000   30.000   clock clk_33_d (rise edge)
                     0.000   30.000   clock network delay (ideal)
                     0.000   30.000   clock reconvergence pessimism
                             30.000 ^ u_domain_d.transfer_counter[11]$_DFFE_PN0P_/CLK (sky130_fd_sc_hd__dfrtp_1)
                    -0.123   29.877   library setup time
                             29.877   data required time
---------------------------------------------------------------------------
                             29.877   data required time
                             -1.258   data arrival time
---------------------------------------------------------------------------
                             28.619   slack (MET)


Startpoint: u_domain_d.transfer_counter[3]$_DFFE_PN0P_
            (rising edge-triggered flip-flop clocked by clk_33_d)
Endpoint: u_domain_d.transfer_counter[13]$_DFFE_PN0P_
          (rising edge-triggered flip-flop clocked by clk_33_d)
Path Group: clk_33_d
Path Type: max

     Cap     Slew    Delay     Time   Description
---------------------------------------------------------------------------
            0.000    0.000    0.000   clock clk_33_d (rise edge)
                     0.000    0.000   clock network delay (ideal)
            0.000    0.000    0.000 ^ u_domain_d.transfer_counter[3]$_DFFE_PN0P_/CLK (sky130_fd_sc_hd__dfrtp_1)
   0.011    0.111    0.353    0.353 ^ u_domain_d.transfer_counter[3]$_DFFE_PN0P_/Q (sky130_fd_sc_hd__dfrtp_1)
            0.111    0.000    0.353 ^ _4250_/A (sky130_fd_sc_hd__and3_1)
   0.006    0.083    0.183    0.536 ^ _4250_/X (sky130_fd_sc_hd__and3_1)
            0.083    0.000    0.536 ^ _4251_/C (sky130_fd_sc_hd__and3_1)
   0.012    0.134    0.223    0.759 ^ _4251_/X (sky130_fd_sc_hd__and3_1)
            0.134    0.000    0.759 ^ _4257_/B (sky130_fd_sc_hd__nand2_1)
   0.004    0.055    0.077    0.836 v _4257_/Y (sky130_fd_sc_hd__nand2_1)
            0.055    0.000    0.836 v _4259_/A (sky130_fd_sc_hd__nor2_1)
   0.009    0.195    0.182    1.018 ^ _4259_/Y (sky130_fd_sc_hd__nor2_1)
            0.195    0.000    1.018 ^ _4260_/C (sky130_fd_sc_hd__nand3_1)
   0.004    0.078    0.115    1.132 v _4260_/Y (sky130_fd_sc_hd__nand3_1)
            0.078    0.000    1.132 v _4261_/B (sky130_fd_sc_hd__xnor2_1)
   0.002    0.040    0.126    1.258 v _4261_/Y (sky130_fd_sc_hd__xnor2_1)
            0.040    0.000    1.258 v u_domain_d.transfer_counter[13]$_DFFE_PN0P_/D (sky130_fd_sc_hd__dfrtp_1)
                              1.258   data arrival time

            0.000   30.000   30.000   clock clk_33_d (rise edge)
                     0.000   30.000   clock network delay (ideal)
                     0.000   30.000   clock reconvergence pessimism
                             30.000 ^ u_domain_d.transfer_counter[13]$_DFFE_PN0P_/CLK (sky130_fd_sc_hd__dfrtp_1)
                    -0.123   29.877   library setup time
                             29.877   data required time
---------------------------------------------------------------------------
                             29.877   data required time
                             -1.258   data arrival time
---------------------------------------------------------------------------
                             28.619   slack (MET)


Startpoint: u_domain_d.transfer_counter[3]$_DFFE_PN0P_
            (rising edge-triggered flip-flop clocked by clk_33_d)
Endpoint: u_domain_d.transfer_counter[9]$_DFFE_PN0P_
          (rising edge-triggered flip-flop clocked by clk_33_d)
Path Group: clk_33_d
Path Type: max

     Cap     Slew    Delay     Time   Description
---------------------------------------------------------------------------
            0.000    0.000    0.000   clock clk_33_d (rise edge)
                     0.000    0.000   clock network delay (ideal)
            0.000    0.000    0.000 ^ u_domain_d.transfer_counter[3]$_DFFE_PN0P_/CLK (sky130_fd_sc_hd__dfrtp_1)
   0.011    0.111    0.353    0.353 ^ u_domain_d.transfer_counter[3]$_DFFE_PN0P_/Q (sky130_fd_sc_hd__dfrtp_1)
            0.111    0.000    0.353 ^ _4250_/A (sky130_fd_sc_hd__and3_1)
   0.006    0.083    0.183    0.536 ^ _4250_/X (sky130_fd_sc_hd__and3_1)
            0.083    0.000    0.536 ^ _4251_/C (sky130_fd_sc_hd__and3_1)
   0.012    0.134    0.223    0.759 ^ _4251_/X (sky130_fd_sc_hd__and3_1)
            0.134    0.000    0.759 ^ _4257_/B (sky130_fd_sc_hd__nand2_1)
   0.004    0.055    0.077    0.836 v _4257_/Y (sky130_fd_sc_hd__nand2_1)
            0.055    0.000    0.836 v _4259_/A (sky130_fd_sc_hd__nor2_1)
   0.009    0.195    0.182    1.018 ^ _4259_/Y (sky130_fd_sc_hd__nor2_1)
            0.195    0.000    1.018 ^ _4268_/B (sky130_fd_sc_hd__xor2_1)
   0.002    0.099    0.150    1.167 ^ _4268_/X (sky130_fd_sc_hd__xor2_1)
            0.099    0.000    1.167 ^ u_domain_d.transfer_counter[9]$_DFFE_PN0P_/D (sky130_fd_sc_hd__dfrtp_1)
                              1.167   data arrival time

            0.000   30.000   30.000   clock clk_33_d (rise edge)
                     0.000   30.000   clock network delay (ideal)
                     0.000   30.000   clock reconvergence pessimism
                             30.000 ^ u_domain_d.transfer_counter[9]$_DFFE_PN0P_/CLK (sky130_fd_sc_hd__dfrtp_1)
                    -0.079   29.921   library setup time
                             29.921   data required time
---------------------------------------------------------------------------
                             29.921   data required time
                             -1.167   data arrival time
---------------------------------------------------------------------------
                             28.753   slack (MET)


Startpoint: u_domain_d.transfer_counter[0]$_DFFE_PN0P_
            (rising edge-triggered flip-flop clocked by clk_33_d)
Endpoint: u_domain_d.transfer_counter[14]$_DFFE_PN0P_
          (rising edge-triggered flip-flop clocked by clk_33_d)
Path Group: clk_33_d
Path Type: max

     Cap     Slew    Delay     Time   Description
---------------------------------------------------------------------------
            0.000    0.000    0.000   clock clk_33_d (rise edge)
                     0.000    0.000   clock network delay (ideal)
            0.000    0.000    0.000 ^ u_domain_d.transfer_counter[0]$_DFFE_PN0P_/CLK (sky130_fd_sc_hd__dfrtp_1)
   0.010    0.103    0.347    0.347 ^ u_domain_d.transfer_counter[0]$_DFFE_PN0P_/Q (sky130_fd_sc_hd__dfrtp_1)
            0.103    0.000    0.347 ^ _5459_/A (sky130_fd_sc_hd__ha_1)
   0.004    0.059    0.159    0.506 ^ _5459_/COUT (sky130_fd_sc_hd__ha_1)
            0.059    0.000    0.506 ^ _4248_/A (sky130_fd_sc_hd__and3_1)
   0.002    0.046    0.132    0.639 ^ _4248_/X (sky130_fd_sc_hd__and3_1)
            0.046    0.000    0.639 ^ _4249_/A (sky130_fd_sc_hd__clkbuf_1)
   0.015    0.180    0.174    0.813 ^ _4249_/X (sky130_fd_sc_hd__clkbuf_1)
            0.180    0.000    0.813 ^ _4252_/B (sky130_fd_sc_hd__nand3_1)
   0.002    0.063    0.092    0.905 v _4252_/Y (sky130_fd_sc_hd__nand3_1)
            0.063    0.000    0.905 v _4255_/A (sky130_fd_sc_hd__nor2_1)
   0.005    0.110    0.126    1.031 ^ _4255_/Y (sky130_fd_sc_hd__nor2_1)
            0.110    0.000    1.031 ^ _4256_/B (sky130_fd_sc_hd__xnor2_1)
   0.002    0.102    0.117    1.148 ^ _4256_/Y (sky130_fd_sc_hd__xnor2_1)
            0.102    0.000    1.148 ^ u_domain_d.transfer_counter[14]$_DFFE_PN0P_/D (sky130_fd_sc_hd__dfrtp_1)
                              1.148   data arrival time

            0.000   30.000   30.000   clock clk_33_d (rise edge)
                     0.000   30.000   clock network delay (ideal)
                     0.000   30.000   clock reconvergence pessimism
                             30.000 ^ u_domain_d.transfer_counter[14]$_DFFE_PN0P_/CLK (sky130_fd_sc_hd__dfrtp_1)
                    -0.080   29.920   library setup time
                             29.920   data required time
---------------------------------------------------------------------------
                             29.920   data required time
                             -1.148   data arrival time
---------------------------------------------------------------------------
                             28.772   slack (MET)


Startpoint: u_domain_d.transfer_counter[0]$_DFFE_PN0P_
            (rising edge-triggered flip-flop clocked by clk_33_d)
Endpoint: u_domain_d.transfer_counter[10]$_DFFE_PN0P_
          (rising edge-triggered flip-flop clocked by clk_33_d)
Path Group: clk_33_d
Path Type: max

     Cap     Slew    Delay     Time   Description
---------------------------------------------------------------------------
            0.000    0.000    0.000   clock clk_33_d (rise edge)
                     0.000    0.000   clock network delay (ideal)
            0.000    0.000    0.000 ^ u_domain_d.transfer_counter[0]$_DFFE_PN0P_/CLK (sky130_fd_sc_hd__dfrtp_1)
   0.010    0.103    0.347    0.347 ^ u_domain_d.transfer_counter[0]$_DFFE_PN0P_/Q (sky130_fd_sc_hd__dfrtp_1)
            0.103    0.000    0.347 ^ _5459_/A (sky130_fd_sc_hd__ha_1)
   0.004    0.059    0.159    0.506 ^ _5459_/COUT (sky130_fd_sc_hd__ha_1)
            0.059    0.000    0.506 ^ _4248_/A (sky130_fd_sc_hd__and3_1)
   0.002    0.046    0.132    0.639 ^ _4248_/X (sky130_fd_sc_hd__and3_1)
            0.046    0.000    0.639 ^ _4249_/A (sky130_fd_sc_hd__clkbuf_1)
   0.015    0.180    0.174    0.813 ^ _4249_/X (sky130_fd_sc_hd__clkbuf_1)
            0.180    0.000    0.813 ^ _4266_/C (sky130_fd_sc_hd__nand4_1)
   0.004    0.094    0.128    0.941 v _4266_/Y (sky130_fd_sc_hd__nand4_1)
            0.094    0.000    0.941 v _4267_/B (sky130_fd_sc_hd__xnor2_1)
   0.002    0.040    0.133    1.074 v _4267_/Y (sky130_fd_sc_hd__xnor2_1)
            0.040    0.000    1.074 v u_domain_d.transfer_counter[10]$_DFFE_PN0P_/D (sky130_fd_sc_hd__dfrtp_1)
                              1.074   data arrival time

            0.000   30.000   30.000   clock clk_33_d (rise edge)
                     0.000   30.000   clock network delay (ideal)
                     0.000   30.000   clock reconvergence pessimism
                             30.000 ^ u_domain_d.transfer_counter[10]$_DFFE_PN0P_/CLK (sky130_fd_sc_hd__dfrtp_1)
                    -0.123   29.877   library setup time
                             29.877   data required time
---------------------------------------------------------------------------
                             29.877   data required time
                             -1.074   data arrival time
---------------------------------------------------------------------------
                             28.804   slack (MET)


Startpoint: u_domain_d.transfer_counter[0]$_DFFE_PN0P_
            (rising edge-triggered flip-flop clocked by clk_33_d)
Endpoint: u_domain_d.transfer_counter[12]$_DFFE_PN0P_
          (rising edge-triggered flip-flop clocked by clk_33_d)
Path Group: clk_33_d
Path Type: max

     Cap     Slew    Delay     Time   Description
---------------------------------------------------------------------------
            0.000    0.000    0.000   clock clk_33_d (rise edge)
                     0.000    0.000   clock network delay (ideal)
            0.000    0.000    0.000 ^ u_domain_d.transfer_counter[0]$_DFFE_PN0P_/CLK (sky130_fd_sc_hd__dfrtp_1)
   0.010    0.103    0.347    0.347 ^ u_domain_d.transfer_counter[0]$_DFFE_PN0P_/Q (sky130_fd_sc_hd__dfrtp_1)
            0.103    0.000    0.347 ^ _5459_/A (sky130_fd_sc_hd__ha_1)
   0.004    0.059    0.159    0.506 ^ _5459_/COUT (sky130_fd_sc_hd__ha_1)
            0.059    0.000    0.506 ^ _4248_/A (sky130_fd_sc_hd__and3_1)
   0.002    0.046    0.132    0.639 ^ _4248_/X (sky130_fd_sc_hd__and3_1)
            0.046    0.000    0.639 ^ _4249_/A (sky130_fd_sc_hd__clkbuf_1)
   0.015    0.180    0.174    0.813 ^ _4249_/X (sky130_fd_sc_hd__clkbuf_1)
            0.180    0.000    0.813 ^ _4262_/B (sky130_fd_sc_hd__nand4_1)
   0.004    0.097    0.127    0.939 v _4262_/Y (sky130_fd_sc_hd__nand4_1)
            0.097    0.000    0.939 v _4263_/B (sky130_fd_sc_hd__xnor2_1)
   0.002    0.040    0.134    1.074 v _4263_/Y (sky130_fd_sc_hd__xnor2_1)
            0.040    0.000    1.074 v u_domain_d.transfer_counter[12]$_DFFE_PN0P_/D (sky130_fd_sc_hd__dfrtp_1)
                              1.074   data arrival time

            0.000   30.000   30.000   clock clk_33_d (rise edge)
                     0.000   30.000   clock network delay (ideal)
                     0.000   30.000   clock reconvergence pessimism
                             30.000 ^ u_domain_d.transfer_counter[12]$_DFFE_PN0P_/CLK (sky130_fd_sc_hd__dfrtp_1)
                    -0.123   29.877   library setup time
                             29.877   data required time
---------------------------------------------------------------------------
                             29.877   data required time
                             -1.074   data arrival time
---------------------------------------------------------------------------
                             28.804   slack (MET)


Startpoint: u_domain_d.transfer_counter[0]$_DFFE_PN0P_
            (rising edge-triggered flip-flop clocked by clk_33_d)
Endpoint: u_domain_d.transfer_counter[8]$_DFFE_PN0P_
          (rising edge-triggered flip-flop clocked by clk_33_d)
Path Group: clk_33_d
Path Type: max

     Cap     Slew    Delay     Time   Description
---------------------------------------------------------------------------
            0.000    0.000    0.000   clock clk_33_d (rise edge)
                     0.000    0.000   clock network delay (ideal)
            0.000    0.000    0.000 ^ u_domain_d.transfer_counter[0]$_DFFE_PN0P_/CLK (sky130_fd_sc_hd__dfrtp_1)
   0.010    0.103    0.347    0.347 ^ u_domain_d.transfer_counter[0]$_DFFE_PN0P_/Q (sky130_fd_sc_hd__dfrtp_1)
            0.103    0.000    0.347 ^ _5459_/A (sky130_fd_sc_hd__ha_1)
   0.004    0.059    0.159    0.506 ^ _5459_/COUT (sky130_fd_sc_hd__ha_1)
            0.059    0.000    0.506 ^ _4248_/A (sky130_fd_sc_hd__and3_1)
   0.002    0.046    0.132    0.639 ^ _4248_/X (sky130_fd_sc_hd__and3_1)
            0.046    0.000    0.639 ^ _4249_/A (sky130_fd_sc_hd__clkbuf_1)
   0.015    0.180    0.174    0.813 ^ _4249_/X (sky130_fd_sc_hd__clkbuf_1)
            0.180    0.000    0.813 ^ _4269_/A (sky130_fd_sc_hd__nand2_1)
   0.004    0.066    0.086    0.898 v _4269_/Y (sky130_fd_sc_hd__nand2_1)
            0.066    0.000    0.898 v _4270_/B (sky130_fd_sc_hd__xnor2_1)
   0.002    0.044    0.121    1.020 v _4270_/Y (sky130_fd_sc_hd__xnor2_1)
            0.044    0.000    1.020 v u_domain_d.transfer_counter[8]$_DFFE_PN0P_/D (sky130_fd_sc_hd__dfrtp_1)
                              1.020   data arrival time

            0.000   30.000   30.000   clock clk_33_d (rise edge)
                     0.000   30.000   clock network delay (ideal)
                     0.000   30.000   clock reconvergence pessimism
                             30.000 ^ u_domain_d.transfer_counter[8]$_DFFE_PN0P_/CLK (sky130_fd_sc_hd__dfrtp_1)
                    -0.124   29.876   library setup time
                             29.876   data required time
---------------------------------------------------------------------------
                             29.876   data required time
                             -1.020   data arrival time
---------------------------------------------------------------------------
                             28.856   slack (MET)


Startpoint: u_domain_d.transfer_counter[0]$_DFFE_PN0P_
            (rising edge-triggered flip-flop clocked by clk_33_d)
Endpoint: u_domain_d.transfer_counter[6]$_DFFE_PN0P_
          (rising edge-triggered flip-flop clocked by clk_33_d)
Path Group: clk_33_d
Path Type: max

     Cap     Slew    Delay     Time   Description
---------------------------------------------------------------------------
            0.000    0.000    0.000   clock clk_33_d (rise edge)
                     0.000    0.000   clock network delay (ideal)
            0.000    0.000    0.000 ^ u_domain_d.transfer_counter[0]$_DFFE_PN0P_/CLK (sky130_fd_sc_hd__dfrtp_1)
   0.010    0.103    0.347    0.347 ^ u_domain_d.transfer_counter[0]$_DFFE_PN0P_/Q (sky130_fd_sc_hd__dfrtp_1)
            0.103    0.000    0.347 ^ _5459_/A (sky130_fd_sc_hd__ha_1)
   0.004    0.059    0.159    0.506 ^ _5459_/COUT (sky130_fd_sc_hd__ha_1)
            0.059    0.000    0.506 ^ _4248_/A (sky130_fd_sc_hd__and3_1)
   0.002    0.046    0.132    0.639 ^ _4248_/X (sky130_fd_sc_hd__and3_1)
            0.046    0.000    0.639 ^ _4249_/A (sky130_fd_sc_hd__clkbuf_1)
   0.015    0.180    0.174    0.813 ^ _4249_/X (sky130_fd_sc_hd__clkbuf_1)
            0.180    0.000    0.813 ^ _4274_/A (sky130_fd_sc_hd__nand2_1)
   0.004    0.066    0.086    0.898 v _4274_/Y (sky130_fd_sc_hd__nand2_1)
            0.066    0.000    0.898 v _4275_/B (sky130_fd_sc_hd__xnor2_1)
   0.002    0.040    0.121    1.020 v _4275_/Y (sky130_fd_sc_hd__xnor2_1)
            0.040    0.000    1.020 v u_domain_d.transfer_counter[6]$_DFFE_PN0P_/D (sky130_fd_sc_hd__dfrtp_1)
                              1.020   data arrival time

            0.000   30.000   30.000   clock clk_33_d (rise edge)
                     0.000   30.000   clock network delay (ideal)
                     0.000   30.000   clock reconvergence pessimism
                             30.000 ^ u_domain_d.transfer_counter[6]$_DFFE_PN0P_/CLK (sky130_fd_sc_hd__dfrtp_1)
                    -0.123   29.877   library setup time
                             29.877   data required time
---------------------------------------------------------------------------
                             29.877   data required time
                             -1.020   data arrival time
---------------------------------------------------------------------------
                             28.858   slack (MET)


Startpoint: u_fifo_a_to_b.rd_ptr_gray[2]$_DFFE_PN0P_
            (rising edge-triggered flip-flop clocked by clk_mem)
Endpoint: u_domain_b.u_sync_mux_valid.stage1$_DFF_PN0_
          (rising edge-triggered flip-flop clocked by clk_50_b)
Path Group: clk_50_b
Path Type: max

     Cap     Slew    Delay     Time   Description
---------------------------------------------------------------------------
            0.000   15.000   15.000   clock clk_mem (rise edge)
                     0.000   15.000   clock network delay (ideal)
            0.000    0.000   15.000 ^ u_fifo_a_to_b.rd_ptr_gray[2]$_DFFE_PN0P_/CLK (sky130_fd_sc_hd__dfrtp_1)
   0.008    0.064    0.365   15.365 v u_fifo_a_to_b.rd_ptr_gray[2]$_DFFE_PN0P_/Q (sky130_fd_sc_hd__dfrtp_1)
            0.064    0.000   15.365 v _3195_/A (sky130_fd_sc_hd__xor2_1)
   0.002    0.043    0.158   15.524 v _3195_/X (sky130_fd_sc_hd__xor2_1)
            0.043    0.000   15.524 v _3198_/A (sky130_fd_sc_hd__nor3_1)
   0.002    0.137    0.165   15.689 ^ _3198_/Y (sky130_fd_sc_hd__nor3_1)
            0.137    0.000   15.689 ^ _3201_/A (sky130_fd_sc_hd__nand3_1)
   0.013    0.153    0.162   15.851 v _3201_/Y (sky130_fd_sc_hd__nand3_1)
            0.153    0.000   15.851 v _3202_/A (sky130_fd_sc_hd__clkbuf_1)
   0.022    0.128    0.214   16.065 v _3202_/X (sky130_fd_sc_hd__clkbuf_1)
            0.128    0.000   16.065 v u_domain_b.u_sync_mux_valid.stage1$_DFF_PN0_/D (sky130_fd_sc_hd__dfrtp_1)
                             16.065   data arrival time

            0.000   20.000   20.000   clock clk_50_b (rise edge)
                     0.000   20.000   clock network delay (ideal)
                     0.000   20.000   clock reconvergence pessimism
                             20.000 ^ u_domain_b.u_sync_mux_valid.stage1$_DFF_PN0_/CLK (sky130_fd_sc_hd__dfrtp_1)
                    -0.161   19.839   library setup time
                             19.839   data required time
---------------------------------------------------------------------------
                             19.839   data required time
                            -16.065   data arrival time
---------------------------------------------------------------------------
                              3.774   slack (MET)


Startpoint: u_domain_b.u_sync_mux_valid.sync_out$_DFF_PN0_
            (rising edge-triggered flip-flop clocked by clk_50_b)
Endpoint: u_domain_b.access_counter[13]$_DFFE_PN0P_
          (rising edge-triggered flip-flop clocked by clk_50_b)
Path Group: clk_50_b
Path Type: max

     Cap     Slew    Delay     Time   Description
---------------------------------------------------------------------------
            0.000    0.000    0.000   clock clk_50_b (rise edge)
                     0.000    0.000   clock network delay (ideal)
            0.000    0.000    0.000 ^ u_domain_b.u_sync_mux_valid.sync_out$_DFF_PN0_/CLK (sky130_fd_sc_hd__dfrtp_1)
   0.014    0.139    0.373    0.373 ^ u_domain_b.u_sync_mux_valid.sync_out$_DFF_PN0_/Q (sky130_fd_sc_hd__dfrtp_1)
            0.139    0.000    0.373 ^ _4120_/C (sky130_fd_sc_hd__and3_1)
   0.006    0.083    0.195    0.569 ^ _4120_/X (sky130_fd_sc_hd__and3_1)
            0.083    0.000    0.569 ^ _4128_/D (sky130_fd_sc_hd__nand4_1)
   0.011    0.161    0.168    0.737 v _4128_/Y (sky130_fd_sc_hd__nand4_1)
            0.161    0.000    0.737 v _4129_/C (sky130_fd_sc_hd__nor3_1)
   0.009    0.326    0.298    1.035 ^ _4129_/Y (sky130_fd_sc_hd__nor3_1)
            0.326    0.000    1.035 ^ _4130_/C (sky130_fd_sc_hd__nand3_1)
   0.004    0.092    0.135    1.170 v _4130_/Y (sky130_fd_sc_hd__nand3_1)
            0.092    0.000    1.170 v _4131_/B (sky130_fd_sc_hd__xnor2_1)
   0.002    0.040    0.132    1.302 v _4131_/Y (sky130_fd_sc_hd__xnor2_1)
            0.040    0.000    1.302 v u_domain_b.access_counter[13]$_DFFE_PN0P_/D (sky130_fd_sc_hd__dfrtp_1)
                              1.302   data arrival time

            0.000   20.000   20.000   clock clk_50_b (rise edge)
                     0.000   20.000   clock network delay (ideal)
                     0.000   20.000   clock reconvergence pessimism
                             20.000 ^ u_domain_b.access_counter[13]$_DFFE_PN0P_/CLK (sky130_fd_sc_hd__dfrtp_1)
                    -0.123   19.877   library setup time
                             19.877   data required time
---------------------------------------------------------------------------
                             19.877   data required time
                             -1.302   data arrival time
---------------------------------------------------------------------------
                             18.575   slack (MET)


Startpoint: u_domain_b.u_sync_mux_valid.sync_out$_DFF_PN0_
            (rising edge-triggered flip-flop clocked by clk_50_b)
Endpoint: u_domain_b.access_counter[15]$_DFFE_PN0P_
          (rising edge-triggered flip-flop clocked by clk_50_b)
Path Group: clk_50_b
Path Type: max

     Cap     Slew    Delay     Time   Description
---------------------------------------------------------------------------
            0.000    0.000    0.000   clock clk_50_b (rise edge)
                     0.000    0.000   clock network delay (ideal)
            0.000    0.000    0.000 ^ u_domain_b.u_sync_mux_valid.sync_out$_DFF_PN0_/CLK (sky130_fd_sc_hd__dfrtp_1)
   0.014    0.139    0.373    0.373 ^ u_domain_b.u_sync_mux_valid.sync_out$_DFF_PN0_/Q (sky130_fd_sc_hd__dfrtp_1)
            0.139    0.000    0.373 ^ _4120_/C (sky130_fd_sc_hd__and3_1)
   0.006    0.083    0.195    0.569 ^ _4120_/X (sky130_fd_sc_hd__and3_1)
            0.083    0.000    0.569 ^ _4128_/D (sky130_fd_sc_hd__nand4_1)
   0.011    0.161    0.168    0.737 v _4128_/Y (sky130_fd_sc_hd__nand4_1)
            0.161    0.000    0.737 v _4129_/C (sky130_fd_sc_hd__nor3_1)
   0.009    0.326    0.298    1.035 ^ _4129_/Y (sky130_fd_sc_hd__nor3_1)
            0.326    0.000    1.035 ^ _4863_/C (sky130_fd_sc_hd__nand3_1)
   0.004    0.092    0.135    1.170 v _4863_/Y (sky130_fd_sc_hd__nand3_1)
            0.092    0.000    1.170 v _4864_/B (sky130_fd_sc_hd__xnor2_1)
   0.002    0.040    0.132    1.302 v _4864_/Y (sky130_fd_sc_hd__xnor2_1)
            0.040    0.000    1.302 v u_domain_b.access_counter[15]$_DFFE_PN0P_/D (sky130_fd_sc_hd__dfrtp_1)
                              1.302   data arrival time

            0.000   20.000   20.000   clock clk_50_b (rise edge)
                     0.000   20.000   clock network delay (ideal)
                     0.000   20.000   clock reconvergence pessimism
                             20.000 ^ u_domain_b.access_counter[15]$_DFFE_PN0P_/CLK (sky130_fd_sc_hd__dfrtp_1)
                    -0.123   19.877   library setup time
                             19.877   data required time
---------------------------------------------------------------------------
                             19.877   data required time
                             -1.302   data arrival time
---------------------------------------------------------------------------
                             18.575   slack (MET)


Startpoint: u_domain_b.u_sync_mux_valid.sync_out$_DFF_PN0_
            (rising edge-triggered flip-flop clocked by clk_50_b)
Endpoint: u_domain_b.access_counter[12]$_DFFE_PN0P_
          (rising edge-triggered flip-flop clocked by clk_50_b)
Path Group: clk_50_b
Path Type: max

     Cap     Slew    Delay     Time   Description
---------------------------------------------------------------------------
            0.000    0.000    0.000   clock clk_50_b (rise edge)
                     0.000    0.000   clock network delay (ideal)
            0.000    0.000    0.000 ^ u_domain_b.u_sync_mux_valid.sync_out$_DFF_PN0_/CLK (sky130_fd_sc_hd__dfrtp_1)
   0.014    0.139    0.373    0.373 ^ u_domain_b.u_sync_mux_valid.sync_out$_DFF_PN0_/Q (sky130_fd_sc_hd__dfrtp_1)
            0.139    0.000    0.373 ^ _4120_/C (sky130_fd_sc_hd__and3_1)
   0.006    0.083    0.195    0.569 ^ _4120_/X (sky130_fd_sc_hd__and3_1)
            0.083    0.000    0.569 ^ _4121_/C (sky130_fd_sc_hd__and3_1)
   0.005    0.069    0.171    0.740 ^ _4121_/X (sky130_fd_sc_hd__and3_1)
            0.069    0.000    0.740 ^ _4122_/D (sky130_fd_sc_hd__nand4_1)
   0.009    0.140    0.148    0.887 v _4122_/Y (sky130_fd_sc_hd__nand4_1)
            0.140    0.000    0.887 v _4124_/A (sky130_fd_sc_hd__nor2_1)
   0.005    0.116    0.156    1.044 ^ _4124_/Y (sky130_fd_sc_hd__nor2_1)
            0.116    0.000    1.044 ^ _4132_/B (sky130_fd_sc_hd__nand2_1)
   0.004    0.053    0.076    1.120 v _4132_/Y (sky130_fd_sc_hd__nand2_1)
            0.053    0.000    1.120 v _4133_/B (sky130_fd_sc_hd__xnor2_1)
   0.002    0.040    0.115    1.235 v _4133_/Y (sky130_fd_sc_hd__xnor2_1)
            0.040    0.000    1.235 v u_domain_b.access_counter[12]$_DFFE_PN0P_/D (sky130_fd_sc_hd__dfrtp_1)
                              1.235   data arrival time

            0.000   20.000   20.000   clock clk_50_b (rise edge)
                     0.000   20.000   clock network delay (ideal)
                     0.000   20.000   clock reconvergence pessimism
                             20.000 ^ u_domain_b.access_counter[12]$_DFFE_PN0P_/CLK (sky130_fd_sc_hd__dfrtp_1)
                    -0.123   19.877   library setup time
                             19.877   data required time
---------------------------------------------------------------------------
                             19.877   data required time
                             -1.235   data arrival time
---------------------------------------------------------------------------
                             18.642   slack (MET)


Startpoint: u_domain_b.u_sync_mux_valid.sync_out$_DFF_PN0_
            (rising edge-triggered flip-flop clocked by clk_50_b)
Endpoint: u_domain_b.access_counter[14]$_DFFE_PN0P_
          (rising edge-triggered flip-flop clocked by clk_50_b)
Path Group: clk_50_b
Path Type: max

     Cap     Slew    Delay     Time   Description
---------------------------------------------------------------------------
            0.000    0.000    0.000   clock clk_50_b (rise edge)
                     0.000    0.000   clock network delay (ideal)
            0.000    0.000    0.000 ^ u_domain_b.u_sync_mux_valid.sync_out$_DFF_PN0_/CLK (sky130_fd_sc_hd__dfrtp_1)
   0.014    0.139    0.373    0.373 ^ u_domain_b.u_sync_mux_valid.sync_out$_DFF_PN0_/Q (sky130_fd_sc_hd__dfrtp_1)
            0.139    0.000    0.373 ^ _4120_/C (sky130_fd_sc_hd__and3_1)
   0.006    0.083    0.195    0.569 ^ _4120_/X (sky130_fd_sc_hd__and3_1)
            0.083    0.000    0.569 ^ _4121_/C (sky130_fd_sc_hd__and3_1)
   0.005    0.069    0.171    0.740 ^ _4121_/X (sky130_fd_sc_hd__and3_1)
            0.069    0.000    0.740 ^ _4122_/D (sky130_fd_sc_hd__nand4_1)
   0.009    0.140    0.148    0.887 v _4122_/Y (sky130_fd_sc_hd__nand4_1)
            0.140    0.000    0.887 v _4124_/A (sky130_fd_sc_hd__nor2_1)
   0.005    0.116    0.156    1.044 ^ _4124_/Y (sky130_fd_sc_hd__nor2_1)
            0.116    0.000    1.044 ^ _4125_/B (sky130_fd_sc_hd__nand2_1)
   0.004    0.049    0.076    1.120 v _4125_/Y (sky130_fd_sc_hd__nand2_1)
            0.049    0.000    1.120 v _4126_/B (sky130_fd_sc_hd__xnor2_1)
   0.002    0.040    0.114    1.233 v _4126_/Y (sky130_fd_sc_hd__xnor2_1)
            0.040    0.000    1.233 v u_domain_b.access_counter[14]$_DFFE_PN0P_/D (sky130_fd_sc_hd__dfrtp_1)
                              1.233   data arrival time

            0.000   20.000   20.000   clock clk_50_b (rise edge)
                     0.000   20.000   clock network delay (ideal)
                     0.000   20.000   clock reconvergence pessimism
                             20.000 ^ u_domain_b.access_counter[14]$_DFFE_PN0P_/CLK (sky130_fd_sc_hd__dfrtp_1)
                    -0.122   19.878   library setup time
                             19.878   data required time
---------------------------------------------------------------------------
                             19.878   data required time
                             -1.233   data arrival time
---------------------------------------------------------------------------
                             18.644   slack (MET)


Startpoint: u_domain_b.u_sync_mux_valid.sync_out$_DFF_PN0_
            (rising edge-triggered flip-flop clocked by clk_50_b)
Endpoint: u_domain_b.access_counter[11]$_DFFE_PN0P_
          (rising edge-triggered flip-flop clocked by clk_50_b)
Path Group: clk_50_b
Path Type: max

     Cap     Slew    Delay     Time   Description
---------------------------------------------------------------------------
            0.000    0.000    0.000   clock clk_50_b (rise edge)
                     0.000    0.000   clock network delay (ideal)
            0.000    0.000    0.000 ^ u_domain_b.u_sync_mux_valid.sync_out$_DFF_PN0_/CLK (sky130_fd_sc_hd__dfrtp_1)
   0.014    0.139    0.373    0.373 ^ u_domain_b.u_sync_mux_valid.sync_out$_DFF_PN0_/Q (sky130_fd_sc_hd__dfrtp_1)
            0.139    0.000    0.373 ^ _4120_/C (sky130_fd_sc_hd__and3_1)
   0.006    0.083    0.195    0.569 ^ _4120_/X (sky130_fd_sc_hd__and3_1)
            0.083    0.000    0.569 ^ _4128_/D (sky130_fd_sc_hd__nand4_1)
   0.011    0.161    0.168    0.737 v _4128_/Y (sky130_fd_sc_hd__nand4_1)
            0.161    0.000    0.737 v _4129_/C (sky130_fd_sc_hd__nor3_1)
   0.009    0.326    0.298    1.035 ^ _4129_/Y (sky130_fd_sc_hd__nor3_1)
            0.326    0.000    1.035 ^ _4134_/B (sky130_fd_sc_hd__xor2_1)
   0.002    0.099    0.163    1.198 ^ _4134_/X (sky130_fd_sc_hd__xor2_1)
            0.099    0.000    1.198 ^ u_domain_b.access_counter[11]$_DFFE_PN0P_/D (sky130_fd_sc_hd__dfrtp_1)
                              1.198   data arrival time

            0.000   20.000   20.000   clock clk_50_b (rise edge)
                     0.000   20.000   clock network delay (ideal)
                     0.000   20.000   clock reconvergence pessimism
                             20.000 ^ u_domain_b.access_counter[11]$_DFFE_PN0P_/CLK (sky130_fd_sc_hd__dfrtp_1)
                    -0.079   19.921   library setup time
                             19.921   data required time
---------------------------------------------------------------------------
                             19.921   data required time
                             -1.198   data arrival time
---------------------------------------------------------------------------
                             18.723   slack (MET)


Startpoint: u_domain_b.u_sync_mux_valid.sync_out$_DFF_PN0_
            (rising edge-triggered flip-flop clocked by clk_50_b)
Endpoint: u_domain_b.access_counter[10]$_DFFE_PN0P_
          (rising edge-triggered flip-flop clocked by clk_50_b)
Path Group: clk_50_b
Path Type: max

     Cap     Slew    Delay     Time   Description
---------------------------------------------------------------------------
            0.000    0.000    0.000   clock clk_50_b (rise edge)
                     0.000    0.000   clock network delay (ideal)
            0.000    0.000    0.000 ^ u_domain_b.u_sync_mux_valid.sync_out$_DFF_PN0_/CLK (sky130_fd_sc_hd__dfrtp_1)
   0.014    0.139    0.373    0.373 ^ u_domain_b.u_sync_mux_valid.sync_out$_DFF_PN0_/Q (sky130_fd_sc_hd__dfrtp_1)
            0.139    0.000    0.373 ^ _4120_/C (sky130_fd_sc_hd__and3_1)
   0.006    0.083    0.195    0.569 ^ _4120_/X (sky130_fd_sc_hd__and3_1)
            0.083    0.000    0.569 ^ _4121_/C (sky130_fd_sc_hd__and3_1)
   0.005    0.069    0.171    0.740 ^ _4121_/X (sky130_fd_sc_hd__and3_1)
            0.069    0.000    0.740 ^ _4122_/D (sky130_fd_sc_hd__nand4_1)
   0.009    0.140    0.148    0.887 v _4122_/Y (sky130_fd_sc_hd__nand4_1)
            0.140    0.000    0.887 v _4136_/A (sky130_fd_sc_hd__nor2_1)
   0.005    0.110    0.152    1.039 ^ _4136_/Y (sky130_fd_sc_hd__nor2_1)
            0.110    0.000    1.039 ^ _4137_/B (sky130_fd_sc_hd__xor2_1)
   0.002    0.099    0.138    1.178 ^ _4137_/X (sky130_fd_sc_hd__xor2_1)
            0.099    0.000    1.178 ^ u_domain_b.access_counter[10]$_DFFE_PN0P_/D (sky130_fd_sc_hd__dfrtp_1)
                              1.178   data arrival time

            0.000   20.000   20.000   clock clk_50_b (rise edge)
                     0.000   20.000   clock network delay (ideal)
                     0.000   20.000   clock reconvergence pessimism
                             20.000 ^ u_domain_b.access_counter[10]$_DFFE_PN0P_/CLK (sky130_fd_sc_hd__dfrtp_1)
                    -0.079   19.921   library setup time
                             19.921   data required time
---------------------------------------------------------------------------
                             19.921   data required time
                             -1.178   data arrival time
---------------------------------------------------------------------------
                             18.743   slack (MET)


Startpoint: u_domain_b.u_sync_mux_valid.sync_out$_DFF_PN0_
            (rising edge-triggered flip-flop clocked by clk_50_b)
Endpoint: u_domain_b.access_counter[9]$_DFFE_PN0P_
          (rising edge-triggered flip-flop clocked by clk_50_b)
Path Group: clk_50_b
Path Type: max

     Cap     Slew    Delay     Time   Description
---------------------------------------------------------------------------
            0.000    0.000    0.000   clock clk_50_b (rise edge)
                     0.000    0.000   clock network delay (ideal)
            0.000    0.000    0.000 ^ u_domain_b.u_sync_mux_valid.sync_out$_DFF_PN0_/CLK (sky130_fd_sc_hd__dfrtp_1)
   0.014    0.139    0.373    0.373 ^ u_domain_b.u_sync_mux_valid.sync_out$_DFF_PN0_/Q (sky130_fd_sc_hd__dfrtp_1)
            0.139    0.000    0.373 ^ _4120_/C (sky130_fd_sc_hd__and3_1)
   0.006    0.083    0.195    0.569 ^ _4120_/X (sky130_fd_sc_hd__and3_1)
            0.083    0.000    0.569 ^ _4128_/D (sky130_fd_sc_hd__nand4_1)
   0.011    0.161    0.168    0.737 v _4128_/Y (sky130_fd_sc_hd__nand4_1)
            0.161    0.000    0.737 v _4138_/B (sky130_fd_sc_hd__nor2_1)
   0.002    0.087    0.119    0.856 ^ _4138_/Y (sky130_fd_sc_hd__nor2_1)
            0.087    0.000    0.856 ^ _4139_/B (sky130_fd_sc_hd__nand2_1)
   0.004    0.055    0.068    0.924 v _4139_/Y (sky130_fd_sc_hd__nand2_1)
            0.055    0.000    0.924 v _4140_/B (sky130_fd_sc_hd__xnor2_1)
   0.002    0.040    0.116    1.041 v _4140_/Y (sky130_fd_sc_hd__xnor2_1)
            0.040    0.000    1.041 v u_domain_b.access_counter[9]$_DFFE_PN0P_/D (sky130_fd_sc_hd__dfrtp_1)
                              1.041   data arrival time

            0.000   20.000   20.000   clock clk_50_b (rise edge)
                     0.000   20.000   clock network delay (ideal)
                     0.000   20.000   clock reconvergence pessimism
                             20.000 ^ u_domain_b.access_counter[9]$_DFFE_PN0P_/CLK (sky130_fd_sc_hd__dfrtp_1)
                    -0.123   19.877   library setup time
                             19.877   data required time
---------------------------------------------------------------------------
                             19.877   data required time
                             -1.041   data arrival time
---------------------------------------------------------------------------
                             18.837   slack (MET)


Startpoint: u_domain_b.u_sync_mux_valid.sync_out$_DFF_PN0_
            (rising edge-triggered flip-flop clocked by clk_50_b)
Endpoint: u_domain_b.access_counter[8]$_DFFE_PN0P_
          (rising edge-triggered flip-flop clocked by clk_50_b)
Path Group: clk_50_b
Path Type: max

     Cap     Slew    Delay     Time   Description
---------------------------------------------------------------------------
            0.000    0.000    0.000   clock clk_50_b (rise edge)
                     0.000    0.000   clock network delay (ideal)
            0.000    0.000    0.000 ^ u_domain_b.u_sync_mux_valid.sync_out$_DFF_PN0_/CLK (sky130_fd_sc_hd__dfrtp_1)
   0.014    0.139    0.373    0.373 ^ u_domain_b.u_sync_mux_valid.sync_out$_DFF_PN0_/Q (sky130_fd_sc_hd__dfrtp_1)
            0.139    0.000    0.373 ^ _4120_/C (sky130_fd_sc_hd__and3_1)
   0.006    0.083    0.195    0.569 ^ _4120_/X (sky130_fd_sc_hd__and3_1)
            0.083    0.000    0.569 ^ _4121_/C (sky130_fd_sc_hd__and3_1)
   0.005    0.069    0.171    0.740 ^ _4121_/X (sky130_fd_sc_hd__and3_1)
            0.069    0.000    0.740 ^ _4122_/D (sky130_fd_sc_hd__nand4_1)
   0.009    0.140    0.148    0.887 v _4122_/Y (sky130_fd_sc_hd__nand4_1)
            0.140    0.000    0.887 v _4141_/B (sky130_fd_sc_hd__xnor2_1)
   0.002    0.042    0.152    1.039 v _4141_/Y (sky130_fd_sc_hd__xnor2_1)
            0.042    0.000    1.039 v u_domain_b.access_counter[8]$_DFFE_PN0P_/D (sky130_fd_sc_hd__dfrtp_1)
                              1.039   data arrival time

            0.000   20.000   20.000   clock clk_50_b (rise edge)
                     0.000   20.000   clock network delay (ideal)
                     0.000   20.000   clock reconvergence pessimism
                             20.000 ^ u_domain_b.access_counter[8]$_DFFE_PN0P_/CLK (sky130_fd_sc_hd__dfrtp_1)
                    -0.123   19.877   library setup time
                             19.877   data required time
---------------------------------------------------------------------------
                             19.877   data required time
                             -1.039   data arrival time
---------------------------------------------------------------------------
                             18.838   slack (MET)


Startpoint: u_domain_b.u_sync_mux_valid.sync_out$_DFF_PN0_
            (rising edge-triggered flip-flop clocked by clk_50_b)
Endpoint: u_domain_b.access_counter[7]$_DFFE_PN0P_
          (rising edge-triggered flip-flop clocked by clk_50_b)
Path Group: clk_50_b
Path Type: max

     Cap     Slew    Delay     Time   Description
---------------------------------------------------------------------------
            0.000    0.000    0.000   clock clk_50_b (rise edge)
                     0.000    0.000   clock network delay (ideal)
            0.000    0.000    0.000 ^ u_domain_b.u_sync_mux_valid.sync_out$_DFF_PN0_/CLK (sky130_fd_sc_hd__dfrtp_1)
   0.014    0.139    0.373    0.373 ^ u_domain_b.u_sync_mux_valid.sync_out$_DFF_PN0_/Q (sky130_fd_sc_hd__dfrtp_1)
            0.139    0.000    0.373 ^ _4120_/C (sky130_fd_sc_hd__and3_1)
   0.006    0.083    0.195    0.569 ^ _4120_/X (sky130_fd_sc_hd__and3_1)
            0.083    0.000    0.569 ^ _4128_/D (sky130_fd_sc_hd__nand4_1)
   0.011    0.161    0.168    0.737 v _4128_/Y (sky130_fd_sc_hd__nand4_1)
            0.161    0.000    0.737 v _4143_/B (sky130_fd_sc_hd__nor2_1)
   0.005    0.117    0.146    0.883 ^ _4143_/Y (sky130_fd_sc_hd__nor2_1)
            0.117    0.000    0.883 ^ _4144_/B (sky130_fd_sc_hd__xor2_1)
   0.002    0.099    0.140    1.023 ^ _4144_/X (sky130_fd_sc_hd__xor2_1)
            0.099    0.000    1.023 ^ u_domain_b.access_counter[7]$_DFFE_PN0P_/D (sky130_fd_sc_hd__dfrtp_1)
                              1.023   data arrival time

            0.000   20.000   20.000   clock clk_50_b (rise edge)
                     0.000   20.000   clock network delay (ideal)
                     0.000   20.000   clock reconvergence pessimism
                             20.000 ^ u_domain_b.access_counter[7]$_DFFE_PN0P_/CLK (sky130_fd_sc_hd__dfrtp_1)
                    -0.079   19.921   library setup time
                             19.921   data required time
---------------------------------------------------------------------------
                             19.921   data required time
                             -1.023   data arrival time
---------------------------------------------------------------------------
                             18.898   slack (MET)


Startpoint: u_fifo_b_to_c.rd_ptr_gray[1]$_DFFE_PN0N_
            (rising edge-triggered flip-flop clocked by clk_dsp)
Endpoint: u_domain_c.u_sync_sample_valid.stage1$_DFF_PN0_
          (rising edge-triggered flip-flop clocked by clk_50_c)
Path Group: clk_50_c
Path Type: max

     Cap     Slew    Delay     Time   Description
---------------------------------------------------------------------------
            0.000   16.000   16.000   clock clk_dsp (rise edge)
                     0.000   16.000   clock network delay (ideal)
            0.000    0.000   16.000 ^ u_fifo_b_to_c.rd_ptr_gray[1]$_DFFE_PN0N_/CLK (sky130_fd_sc_hd__dfrtp_1)
   0.008    0.064    0.365   16.365 v u_fifo_b_to_c.rd_ptr_gray[1]$_DFFE_PN0N_/Q (sky130_fd_sc_hd__dfrtp_1)
            0.064    0.000   16.365 v _3118_/A (sky130_fd_sc_hd__xor2_1)
   0.002    0.043    0.158   16.524 v _3118_/X (sky130_fd_sc_hd__xor2_1)
            0.043    0.000   16.524 v _3121_/A (sky130_fd_sc_hd__nor3_1)
   0.002    0.137    0.165   16.689 ^ _3121_/Y (sky130_fd_sc_hd__nor3_1)
            0.137    0.000   16.689 ^ _3124_/A (sky130_fd_sc_hd__nand3_1)
   0.006    0.090    0.110   16.798 v _3124_/Y (sky130_fd_sc_hd__nand3_1)
            0.090    0.000   16.798 v _3125_/A (sky130_fd_sc_hd__clkbuf_1)
   0.025    0.150    0.205   17.004 v _3125_/X (sky130_fd_sc_hd__clkbuf_1)
            0.150    0.000   17.004 v _3126_/A (sky130_fd_sc_hd__clkbuf_1)
   0.023    0.136    0.218   17.222 v _3126_/X (sky130_fd_sc_hd__clkbuf_1)
            0.136    0.000   17.222 v u_domain_c.u_sync_sample_valid.stage1$_DFF_PN0_/D (sky130_fd_sc_hd__dfrtp_1)
                             17.222   data arrival time

            0.000   20.000   20.000   clock clk_50_c (rise edge)
                     0.000   20.000   clock network delay (ideal)
                     0.000   20.000   clock reconvergence pessimism
                             20.000 ^ u_domain_c.u_sync_sample_valid.stage1$_DFF_PN0_/CLK (sky130_fd_sc_hd__dfrtp_1)
                    -0.164   19.836   library setup time
                             19.836   data required time
---------------------------------------------------------------------------
                             19.836   data required time
                            -17.222   data arrival time
---------------------------------------------------------------------------
                              2.614   slack (MET)


Startpoint: u_domain_c.u_sync_sample_valid.sync_out$_DFF_PN0_
            (rising edge-triggered flip-flop clocked by clk_50_c)
Endpoint: u_domain_c.sample_counter[15]$_DFFE_PN0P_
          (rising edge-triggered flip-flop clocked by clk_50_c)
Path Group: clk_50_c
Path Type: max

     Cap     Slew    Delay     Time   Description
---------------------------------------------------------------------------
            0.000    0.000    0.000   clock clk_50_c (rise edge)
                     0.000    0.000   clock network delay (ideal)
            0.000    0.000    0.000 ^ u_domain_c.u_sync_sample_valid.sync_out$_DFF_PN0_/CLK (sky130_fd_sc_hd__dfrtp_1)
   0.017    0.159    0.388    0.388 ^ u_domain_c.u_sync_sample_valid.sync_out$_DFF_PN0_/Q (sky130_fd_sc_hd__dfrtp_1)
            0.159    0.000    0.388 ^ _4648_/D (sky130_fd_sc_hd__and4_1)
   0.007    0.089    0.236    0.624 ^ _4648_/X (sky130_fd_sc_hd__and4_1)
            0.089    0.000    0.624 ^ _4656_/D (sky130_fd_sc_hd__and4_1)
   0.007    0.096    0.229    0.853 ^ _4656_/X (sky130_fd_sc_hd__and4_1)
            0.096    0.000    0.853 ^ _4657_/B (sky130_fd_sc_hd__nand2b_1)
   0.009    0.083    0.098    0.951 v _4657_/Y (sky130_fd_sc_hd__nand2b_1)
            0.083    0.000    0.951 v _4949_/A (sky130_fd_sc_hd__nor2_1)
   0.005    0.108    0.131    1.082 ^ _4949_/Y (sky130_fd_sc_hd__nor2_1)
            0.108    0.000    1.082 ^ _4950_/B (sky130_fd_sc_hd__xor2_1)
   0.002    0.099    0.138    1.220 ^ _4950_/X (sky130_fd_sc_hd__xor2_1)
            0.099    0.000    1.220 ^ u_domain_c.sample_counter[15]$_DFFE_PN0P_/D (sky130_fd_sc_hd__dfrtp_1)
                              1.220   data arrival time

            0.000   20.000   20.000   clock clk_50_c (rise edge)
                     0.000   20.000   clock network delay (ideal)
                     0.000   20.000   clock reconvergence pessimism
                             20.000 ^ u_domain_c.sample_counter[15]$_DFFE_PN0P_/CLK (sky130_fd_sc_hd__dfrtp_1)
                    -0.079   19.921   library setup time
                             19.921   data required time
---------------------------------------------------------------------------
                             19.921   data required time
                             -1.220   data arrival time
---------------------------------------------------------------------------
                             18.701   slack (MET)


Startpoint: u_domain_c.u_sync_sample_valid.sync_out$_DFF_PN0_
            (rising edge-triggered flip-flop clocked by clk_50_c)
Endpoint: u_domain_c.sample_counter[14]$_DFFE_PN0P_
          (rising edge-triggered flip-flop clocked by clk_50_c)
Path Group: clk_50_c
Path Type: max

     Cap     Slew    Delay     Time   Description
---------------------------------------------------------------------------
            0.000    0.000    0.000   clock clk_50_c (rise edge)
                     0.000    0.000   clock network delay (ideal)
            0.000    0.000    0.000 ^ u_domain_c.u_sync_sample_valid.sync_out$_DFF_PN0_/CLK (sky130_fd_sc_hd__dfrtp_1)
   0.017    0.159    0.388    0.388 ^ u_domain_c.u_sync_sample_valid.sync_out$_DFF_PN0_/Q (sky130_fd_sc_hd__dfrtp_1)
            0.159    0.000    0.388 ^ _4648_/D (sky130_fd_sc_hd__and4_1)
   0.007    0.089    0.236    0.624 ^ _4648_/X (sky130_fd_sc_hd__and4_1)
            0.089    0.000    0.624 ^ _4649_/C (sky130_fd_sc_hd__nand3_1)
   0.011    0.131    0.142    0.766 v _4649_/Y (sky130_fd_sc_hd__nand3_1)
            0.131    0.000    0.766 v _4652_/A (sky130_fd_sc_hd__nor2_1)
   0.005    0.114    0.153    0.919 ^ _4652_/Y (sky130_fd_sc_hd__nor2_1)
            0.114    0.000    0.919 ^ _4653_/D (sky130_fd_sc_hd__nand4_1)
   0.004    0.093    0.118    1.037 v _4653_/Y (sky130_fd_sc_hd__nand4_1)
            0.093    0.000    1.037 v _4654_/B (sky130_fd_sc_hd__xnor2_1)
   0.002    0.040    0.133    1.170 v _4654_/Y (sky130_fd_sc_hd__xnor2_1)
            0.040    0.000    1.170 v u_domain_c.sample_counter[14]$_DFFE_PN0P_/D (sky130_fd_sc_hd__dfrtp_1)
                              1.170   data arrival time

            0.000   20.000   20.000   clock clk_50_c (rise edge)
                     0.000   20.000   clock network delay (ideal)
                     0.000   20.000   clock reconvergence pessimism
                             20.000 ^ u_domain_c.sample_counter[14]$_DFFE_PN0P_/CLK (sky130_fd_sc_hd__dfrtp_1)
                    -0.123   19.877   library setup time
                             19.877   data required time
---------------------------------------------------------------------------
                             19.877   data required time
                             -1.170   data arrival time
---------------------------------------------------------------------------
                             18.708   slack (MET)


Startpoint: u_domain_c.u_sync_sample_valid.sync_out$_DFF_PN0_
            (rising edge-triggered flip-flop clocked by clk_50_c)
Endpoint: u_domain_c.sample_counter[13]$_DFFE_PN0P_
          (rising edge-triggered flip-flop clocked by clk_50_c)
Path Group: clk_50_c
Path Type: max

     Cap     Slew    Delay     Time   Description
---------------------------------------------------------------------------
            0.000    0.000    0.000   clock clk_50_c (rise edge)
                     0.000    0.000   clock network delay (ideal)
            0.000    0.000    0.000 ^ u_domain_c.u_sync_sample_valid.sync_out$_DFF_PN0_/CLK (sky130_fd_sc_hd__dfrtp_1)
   0.017    0.159    0.388    0.388 ^ u_domain_c.u_sync_sample_valid.sync_out$_DFF_PN0_/Q (sky130_fd_sc_hd__dfrtp_1)
            0.159    0.000    0.388 ^ _4648_/D (sky130_fd_sc_hd__and4_1)
   0.007    0.089    0.236    0.624 ^ _4648_/X (sky130_fd_sc_hd__and4_1)
            0.089    0.000    0.624 ^ _4656_/D (sky130_fd_sc_hd__and4_1)
   0.007    0.096    0.229    0.853 ^ _4656_/X (sky130_fd_sc_hd__and4_1)
            0.096    0.000    0.853 ^ _4657_/B (sky130_fd_sc_hd__nand2b_1)
   0.009    0.083    0.098    0.951 v _4657_/Y (sky130_fd_sc_hd__nand2b_1)
            0.083    0.000    0.951 v _4658_/B (sky130_fd_sc_hd__nor2_1)
   0.005    0.108    0.117    1.068 ^ _4658_/Y (sky130_fd_sc_hd__nor2_1)
            0.108    0.000    1.068 ^ _4659_/B (sky130_fd_sc_hd__xor2_1)
   0.002    0.099    0.138    1.206 ^ _4659_/X (sky130_fd_sc_hd__xor2_1)
            0.099    0.000    1.206 ^ u_domain_c.sample_counter[13]$_DFFE_PN0P_/D (sky130_fd_sc_hd__dfrtp_1)
                              1.206   data arrival time

            0.000   20.000   20.000   clock clk_50_c (rise edge)
                     0.000   20.000   clock network delay (ideal)
                     0.000   20.000   clock reconvergence pessimism
                             20.000 ^ u_domain_c.sample_counter[13]$_DFFE_PN0P_/CLK (sky130_fd_sc_hd__dfrtp_1)
                    -0.079   19.921   library setup time
                             19.921   data required time
---------------------------------------------------------------------------
                             19.921   data required time
                             -1.206   data arrival time
---------------------------------------------------------------------------
                             18.715   slack (MET)


Startpoint: u_domain_c.u_sync_sample_valid.sync_out$_DFF_PN0_
            (rising edge-triggered flip-flop clocked by clk_50_c)
Endpoint: u_domain_c.sample_counter[12]$_DFFE_PN0P_
          (rising edge-triggered flip-flop clocked by clk_50_c)
Path Group: clk_50_c
Path Type: max

     Cap     Slew    Delay     Time   Description
---------------------------------------------------------------------------
            0.000    0.000    0.000   clock clk_50_c (rise edge)
                     0.000    0.000   clock network delay (ideal)
            0.000    0.000    0.000 ^ u_domain_c.u_sync_sample_valid.sync_out$_DFF_PN0_/CLK (sky130_fd_sc_hd__dfrtp_1)
   0.017    0.159    0.388    0.388 ^ u_domain_c.u_sync_sample_valid.sync_out$_DFF_PN0_/Q (sky130_fd_sc_hd__dfrtp_1)
            0.159    0.000    0.388 ^ _4648_/D (sky130_fd_sc_hd__and4_1)
   0.007    0.089    0.236    0.624 ^ _4648_/X (sky130_fd_sc_hd__and4_1)
            0.089    0.000    0.624 ^ _4649_/C (sky130_fd_sc_hd__nand3_1)
   0.011    0.131    0.142    0.766 v _4649_/Y (sky130_fd_sc_hd__nand3_1)
            0.131    0.000    0.766 v _4652_/A (sky130_fd_sc_hd__nor2_1)
   0.005    0.114    0.153    0.919 ^ _4652_/Y (sky130_fd_sc_hd__nor2_1)
            0.114    0.000    0.919 ^ _4660_/B (sky130_fd_sc_hd__nand2_1)
   0.004    0.058    0.076    0.994 v _4660_/Y (sky130_fd_sc_hd__nand2_1)
            0.058    0.000    0.994 v _4661_/B (sky130_fd_sc_hd__xnor2_1)
   0.002    0.042    0.118    1.112 v _4661_/Y (sky130_fd_sc_hd__xnor2_1)
            0.042    0.000    1.112 v u_domain_c.sample_counter[12]$_DFFE_PN0P_/D (sky130_fd_sc_hd__dfrtp_1)
                              1.112   data arrival time

            0.000   20.000   20.000   clock clk_50_c (rise edge)
                     0.000   20.000   clock network delay (ideal)
                     0.000   20.000   clock reconvergence pessimism
                             20.000 ^ u_domain_c.sample_counter[12]$_DFFE_PN0P_/CLK (sky130_fd_sc_hd__dfrtp_1)
                    -0.123   19.877   library setup time
                             19.877   data required time
---------------------------------------------------------------------------
                             19.877   data required time
                             -1.112   data arrival time
---------------------------------------------------------------------------
                             18.765   slack (MET)


Startpoint: u_domain_c.u_sync_sample_valid.sync_out$_DFF_PN0_
            (rising edge-triggered flip-flop clocked by clk_50_c)
Endpoint: u_domain_c.sample_counter[11]$_DFFE_PN0P_
          (rising edge-triggered flip-flop clocked by clk_50_c)
Path Group: clk_50_c
Path Type: max

     Cap     Slew    Delay     Time   Description
---------------------------------------------------------------------------
            0.000    0.000    0.000   clock clk_50_c (rise edge)
                     0.000    0.000   clock network delay (ideal)
            0.000    0.000    0.000 ^ u_domain_c.u_sync_sample_valid.sync_out$_DFF_PN0_/CLK (sky130_fd_sc_hd__dfrtp_1)
   0.017    0.159    0.388    0.388 ^ u_domain_c.u_sync_sample_valid.sync_out$_DFF_PN0_/Q (sky130_fd_sc_hd__dfrtp_1)
            0.159    0.000    0.388 ^ _4648_/D (sky130_fd_sc_hd__and4_1)
   0.007    0.089    0.236    0.624 ^ _4648_/X (sky130_fd_sc_hd__and4_1)
            0.089    0.000    0.624 ^ _4656_/D (sky130_fd_sc_hd__and4_1)
   0.007    0.096    0.229    0.853 ^ _4656_/X (sky130_fd_sc_hd__and4_1)
            0.096    0.000    0.853 ^ _4657_/B (sky130_fd_sc_hd__nand2b_1)
   0.009    0.083    0.098    0.951 v _4657_/Y (sky130_fd_sc_hd__nand2b_1)
            0.083    0.000    0.951 v _4662_/B (sky130_fd_sc_hd__xnor2_1)
   0.002    0.044    0.128    1.079 v _4662_/Y (sky130_fd_sc_hd__xnor2_1)
            0.044    0.000    1.079 v u_domain_c.sample_counter[11]$_DFFE_PN0P_/D (sky130_fd_sc_hd__dfrtp_1)
                              1.079   data arrival time

            0.000   20.000   20.000   clock clk_50_c (rise edge)
                     0.000   20.000   clock network delay (ideal)
                     0.000   20.000   clock reconvergence pessimism
                             20.000 ^ u_domain_c.sample_counter[11]$_DFFE_PN0P_/CLK (sky130_fd_sc_hd__dfrtp_1)
                    -0.124   19.876   library setup time
                             19.876   data required time
---------------------------------------------------------------------------
                             19.876   data required time
                             -1.079   data arrival time
---------------------------------------------------------------------------
                             18.797   slack (MET)


Startpoint: u_domain_c.u_sync_sample_valid.sync_out$_DFF_PN0_
            (rising edge-triggered flip-flop clocked by clk_50_c)
Endpoint: u_domain_c.sample_counter[7]$_DFFE_PN0P_
          (rising edge-triggered flip-flop clocked by clk_50_c)
Path Group: clk_50_c
Path Type: max

     Cap     Slew    Delay     Time   Description
---------------------------------------------------------------------------
            0.000    0.000    0.000   clock clk_50_c (rise edge)
                     0.000    0.000   clock network delay (ideal)
            0.000    0.000    0.000 ^ u_domain_c.u_sync_sample_valid.sync_out$_DFF_PN0_/CLK (sky130_fd_sc_hd__dfrtp_1)
   0.017    0.159    0.388    0.388 ^ u_domain_c.u_sync_sample_valid.sync_out$_DFF_PN0_/Q (sky130_fd_sc_hd__dfrtp_1)
            0.159    0.000    0.388 ^ _4648_/D (sky130_fd_sc_hd__and4_1)
   0.007    0.089    0.236    0.624 ^ _4648_/X (sky130_fd_sc_hd__and4_1)
            0.089    0.000    0.624 ^ _4656_/D (sky130_fd_sc_hd__and4_1)
   0.007    0.096    0.229    0.853 ^ _4656_/X (sky130_fd_sc_hd__and4_1)
            0.096    0.000    0.853 ^ _4671_/B (sky130_fd_sc_hd__nand2_1)
   0.004    0.054    0.071    0.923 v _4671_/Y (sky130_fd_sc_hd__nand2_1)
            0.054    0.000    0.923 v _4672_/B (sky130_fd_sc_hd__xnor2_1)
   0.002    0.040    0.116    1.039 v _4672_/Y (sky130_fd_sc_hd__xnor2_1)
            0.040    0.000    1.039 v u_domain_c.sample_counter[7]$_DFFE_PN0P_/D (sky130_fd_sc_hd__dfrtp_1)
                              1.039   data arrival time

            0.000   20.000   20.000   clock clk_50_c (rise edge)
                     0.000   20.000   clock network delay (ideal)
                     0.000   20.000   clock reconvergence pessimism
                             20.000 ^ u_domain_c.sample_counter[7]$_DFFE_PN0P_/CLK (sky130_fd_sc_hd__dfrtp_1)
                    -0.123   19.877   library setup time
                             19.877   data required time
---------------------------------------------------------------------------
                             19.877   data required time
                             -1.039   data arrival time
---------------------------------------------------------------------------
                             18.839   slack (MET)


Startpoint: u_domain_c.u_sync_sample_valid.sync_out$_DFF_PN0_
            (rising edge-triggered flip-flop clocked by clk_50_c)
Endpoint: u_domain_c.sample_counter[9]$_DFFE_PN0P_
          (rising edge-triggered flip-flop clocked by clk_50_c)
Path Group: clk_50_c
Path Type: max

     Cap     Slew    Delay     Time   Description
---------------------------------------------------------------------------
            0.000    0.000    0.000   clock clk_50_c (rise edge)
                     0.000    0.000   clock network delay (ideal)
            0.000    0.000    0.000 ^ u_domain_c.u_sync_sample_valid.sync_out$_DFF_PN0_/CLK (sky130_fd_sc_hd__dfrtp_1)
   0.017    0.159    0.388    0.388 ^ u_domain_c.u_sync_sample_valid.sync_out$_DFF_PN0_/Q (sky130_fd_sc_hd__dfrtp_1)
            0.159    0.000    0.388 ^ _4648_/D (sky130_fd_sc_hd__and4_1)
   0.007    0.089    0.236    0.624 ^ _4648_/X (sky130_fd_sc_hd__and4_1)
            0.089    0.000    0.624 ^ _4656_/D (sky130_fd_sc_hd__and4_1)
   0.007    0.096    0.229    0.853 ^ _4656_/X (sky130_fd_sc_hd__and4_1)
            0.096    0.000    0.853 ^ _4666_/B (sky130_fd_sc_hd__nand2_1)
   0.004    0.049    0.071    0.923 v _4666_/Y (sky130_fd_sc_hd__nand2_1)
            0.049    0.000    0.923 v _4667_/B (sky130_fd_sc_hd__xnor2_1)
   0.002    0.040    0.114    1.037 v _4667_/Y (sky130_fd_sc_hd__xnor2_1)
            0.040    0.000    1.037 v u_domain_c.sample_counter[9]$_DFFE_PN0P_/D (sky130_fd_sc_hd__dfrtp_1)
                              1.037   data arrival time

            0.000   20.000   20.000   clock clk_50_c (rise edge)
                     0.000   20.000   clock network delay (ideal)
                     0.000   20.000   clock reconvergence pessimism
                             20.000 ^ u_domain_c.sample_counter[9]$_DFFE_PN0P_/CLK (sky130_fd_sc_hd__dfrtp_1)
                    -0.123   19.877   library setup time
                             19.877   data required time
---------------------------------------------------------------------------
                             19.877   data required time
                             -1.037   data arrival time
---------------------------------------------------------------------------
                             18.840   slack (MET)


Startpoint: u_domain_c.u_sync_sample_valid.sync_out$_DFF_PN0_
            (rising edge-triggered flip-flop clocked by clk_50_c)
Endpoint: u_domain_c.sample_counter[10]$_DFFE_PN0P_
          (rising edge-triggered flip-flop clocked by clk_50_c)
Path Group: clk_50_c
Path Type: max

     Cap     Slew    Delay     Time   Description
---------------------------------------------------------------------------
            0.000    0.000    0.000   clock clk_50_c (rise edge)
                     0.000    0.000   clock network delay (ideal)
            0.000    0.000    0.000 ^ u_domain_c.u_sync_sample_valid.sync_out$_DFF_PN0_/CLK (sky130_fd_sc_hd__dfrtp_1)
   0.017    0.159    0.388    0.388 ^ u_domain_c.u_sync_sample_valid.sync_out$_DFF_PN0_/Q (sky130_fd_sc_hd__dfrtp_1)
            0.159    0.000    0.388 ^ _4648_/D (sky130_fd_sc_hd__and4_1)
   0.007    0.089    0.236    0.624 ^ _4648_/X (sky130_fd_sc_hd__and4_1)
            0.089    0.000    0.624 ^ _4649_/C (sky130_fd_sc_hd__nand3_1)
   0.011    0.131    0.142    0.766 v _4649_/Y (sky130_fd_sc_hd__nand3_1)
            0.131    0.000    0.766 v _4664_/A (sky130_fd_sc_hd__nor2_1)
   0.005    0.109    0.149    0.915 ^ _4664_/Y (sky130_fd_sc_hd__nor2_1)
            0.109    0.000    0.915 ^ _4665_/B (sky130_fd_sc_hd__xor2_1)
   0.002    0.099    0.138    1.053 ^ _4665_/X (sky130_fd_sc_hd__xor2_1)
            0.099    0.000    1.053 ^ u_domain_c.sample_counter[10]$_DFFE_PN0P_/D (sky130_fd_sc_hd__dfrtp_1)
                              1.053   data arrival time

            0.000   20.000   20.000   clock clk_50_c (rise edge)
                     0.000   20.000   clock network delay (ideal)
                     0.000   20.000   clock reconvergence pessimism
                             20.000 ^ u_domain_c.sample_counter[10]$_DFFE_PN0P_/CLK (sky130_fd_sc_hd__dfrtp_1)
                    -0.079   19.921   library setup time
                             19.921   data required time
---------------------------------------------------------------------------
                             19.921   data required time
                             -1.053   data arrival time
---------------------------------------------------------------------------
                             18.868   slack (MET)


Startpoint: u_domain_c.u_sync_sample_valid.sync_out$_DFF_PN0_
            (rising edge-triggered flip-flop clocked by clk_50_c)
Endpoint: u_domain_c.sample_counter[8]$_DFFE_PN0P_
          (rising edge-triggered flip-flop clocked by clk_50_c)
Path Group: clk_50_c
Path Type: max

     Cap     Slew    Delay     Time   Description
---------------------------------------------------------------------------
            0.000    0.000    0.000   clock clk_50_c (rise edge)
                     0.000    0.000   clock network delay (ideal)
            0.000    0.000    0.000 ^ u_domain_c.u_sync_sample_valid.sync_out$_DFF_PN0_/CLK (sky130_fd_sc_hd__dfrtp_1)
   0.017    0.159    0.388    0.388 ^ u_domain_c.u_sync_sample_valid.sync_out$_DFF_PN0_/Q (sky130_fd_sc_hd__dfrtp_1)
            0.159    0.000    0.388 ^ _4648_/D (sky130_fd_sc_hd__and4_1)
   0.007    0.089    0.236    0.624 ^ _4648_/X (sky130_fd_sc_hd__and4_1)
            0.089    0.000    0.624 ^ _4649_/C (sky130_fd_sc_hd__nand3_1)
   0.011    0.131    0.142    0.766 v _4649_/Y (sky130_fd_sc_hd__nand3_1)
            0.131    0.000    0.766 v _4669_/A (sky130_fd_sc_hd__nor2_1)
   0.005    0.109    0.149    0.915 ^ _4669_/Y (sky130_fd_sc_hd__nor2_1)
            0.109    0.000    0.915 ^ _4670_/B (sky130_fd_sc_hd__xor2_1)
   0.002    0.099    0.138    1.053 ^ _4670_/X (sky130_fd_sc_hd__xor2_1)
            0.099    0.000    1.053 ^ u_domain_c.sample_counter[8]$_DFFE_PN0P_/D (sky130_fd_sc_hd__dfrtp_1)
                              1.053   data arrival time

            0.000   20.000   20.000   clock clk_50_c (rise edge)
                     0.000   20.000   clock network delay (ideal)
                     0.000   20.000   clock reconvergence pessimism
                             20.000 ^ u_domain_c.sample_counter[8]$_DFFE_PN0P_/CLK (sky130_fd_sc_hd__dfrtp_1)
                    -0.079   19.921   library setup time
                             19.921   data required time
---------------------------------------------------------------------------
                             19.921   data required time
                             -1.053   data arrival time
---------------------------------------------------------------------------
                             18.868   slack (MET)


Startpoint: u_domain_d.u_bridge_fifo.mem[11][7]$_DFFE_PP_
            (rising edge-triggered flip-flop clocked by clk_bridge)
Endpoint: u_domain_d.u_bridge_fifo.rd_data[7]$_DFFE_PN0P_
          (rising edge-triggered flip-flop clocked by clk_50_d)
Path Group: clk_50_d
Path Type: max

     Cap     Slew    Delay     Time   Description
---------------------------------------------------------------------------
            0.000   10.000   10.000   clock clk_bridge (rise edge)
                     0.000   10.000   clock network delay (ideal)
            0.000    0.000   10.000 ^ u_domain_d.u_bridge_fifo.mem[11][7]$_DFFE_PP_/CLK (sky130_fd_sc_hd__edfxtp_1)
   0.002    0.063    0.328   10.328 v u_domain_d.u_bridge_fifo.mem[11][7]$_DFFE_PP_/Q (sky130_fd_sc_hd__edfxtp_1)
            0.063    0.000   10.328 v _4843_/A2 (sky130_fd_sc_hd__a222oi_1)
   0.002    0.249    0.318   10.646 ^ _4843_/Y (sky130_fd_sc_hd__a222oi_1)
            0.249    0.000   10.646 ^ _4844_/A (sky130_fd_sc_hd__nor2b_1)
   0.002    0.058    0.073   10.718 v _4844_/Y (sky130_fd_sc_hd__nor2b_1)
            0.058    0.000   10.718 v _4845_/B1 (sky130_fd_sc_hd__a21oi_1)
   0.002    0.083    0.095   10.814 ^ _4845_/Y (sky130_fd_sc_hd__a21oi_1)
            0.083    0.000   10.814 ^ _4852_/B (sky130_fd_sc_hd__and3_1)
   0.002    0.041    0.141   10.955 ^ _4852_/X (sky130_fd_sc_hd__and3_1)
            0.041    0.000   10.955 ^ _4853_/B1 (sky130_fd_sc_hd__o21ai_0)
   0.002    0.068    0.060   11.015 v _4853_/Y (sky130_fd_sc_hd__o21ai_0)
            0.068    0.000   11.015 v _4854_/A0 (sky130_fd_sc_hd__mux2_2)
   0.002    0.045    0.257   11.272 v _4854_/X (sky130_fd_sc_hd__mux2_2)
            0.045    0.000   11.272 v u_domain_d.u_bridge_fifo.rd_data[7]$_DFFE_PN0P_/D (sky130_fd_sc_hd__dfrtp_1)
                             11.272   data arrival time

            0.000   20.000   20.000   clock clk_50_d (rise edge)
                     0.000   20.000   clock network delay (ideal)
                     0.000   20.000   clock reconvergence pessimism
                             20.000 ^ u_domain_d.u_bridge_fifo.rd_data[7]$_DFFE_PN0P_/CLK (sky130_fd_sc_hd__dfrtp_1)
                    -0.125   19.875   library setup time
                             19.875   data required time
---------------------------------------------------------------------------
                             19.875   data required time
                            -11.272   data arrival time
---------------------------------------------------------------------------
                              8.603   slack (MET)


Startpoint: u_domain_d.u_bridge_fifo.mem[13][1]$_DFFE_PP_
            (rising edge-triggered flip-flop clocked by clk_bridge)
Endpoint: u_domain_d.u_bridge_fifo.rd_data[1]$_DFFE_PN0P_
          (rising edge-triggered flip-flop clocked by clk_50_d)
Path Group: clk_50_d
Path Type: max

     Cap     Slew    Delay     Time   Description
---------------------------------------------------------------------------
            0.000   10.000   10.000   clock clk_bridge (rise edge)
                     0.000   10.000   clock network delay (ideal)
            0.000    0.000   10.000 ^ u_domain_d.u_bridge_fifo.mem[13][1]$_DFFE_PP_/CLK (sky130_fd_sc_hd__edfxtp_1)
   0.002    0.063    0.328   10.328 v u_domain_d.u_bridge_fifo.mem[13][1]$_DFFE_PP_/Q (sky130_fd_sc_hd__edfxtp_1)
            0.063    0.000   10.328 v _4051_/A2 (sky130_fd_sc_hd__a222oi_1)
   0.002    0.230    0.303   10.631 ^ _4051_/Y (sky130_fd_sc_hd__a222oi_1)
            0.230    0.000   10.631 ^ _4053_/A2 (sky130_fd_sc_hd__mux4_2)
   0.002    0.048    0.265   10.896 ^ _4053_/X (sky130_fd_sc_hd__mux4_2)
            0.048    0.000   10.896 ^ _4054_/C (sky130_fd_sc_hd__nand3_1)
   0.002    0.048    0.064   10.960 v _4054_/Y (sky130_fd_sc_hd__nand3_1)
            0.048    0.000   10.960 v _4055_/A0 (sky130_fd_sc_hd__mux2_2)
   0.002    0.045    0.249   11.209 v _4055_/X (sky130_fd_sc_hd__mux2_2)
            0.045    0.000   11.209 v u_domain_d.u_bridge_fifo.rd_data[1]$_DFFE_PN0P_/D (sky130_fd_sc_hd__dfrtp_1)
                             11.209   data arrival time

            0.000   20.000   20.000   clock clk_50_d (rise edge)
                     0.000   20.000   clock network delay (ideal)
                     0.000   20.000   clock reconvergence pessimism
                             20.000 ^ u_domain_d.u_bridge_fifo.rd_data[1]$_DFFE_PN0P_/CLK (sky130_fd_sc_hd__dfrtp_1)
                    -0.125   19.875   library setup time
                             19.875   data required time
---------------------------------------------------------------------------
                             19.875   data required time
                            -11.209   data arrival time
---------------------------------------------------------------------------
                              8.666   slack (MET)


Startpoint: u_domain_d.u_bridge_fifo.mem[1][6]$_DFFE_PP_
            (rising edge-triggered flip-flop clocked by clk_bridge)
Endpoint: u_domain_d.u_bridge_fifo.rd_data[6]$_DFFE_PN0P_
          (rising edge-triggered flip-flop clocked by clk_50_d)
Path Group: clk_50_d
Path Type: max

     Cap     Slew    Delay     Time   Description
---------------------------------------------------------------------------
            0.000   10.000   10.000   clock clk_bridge (rise edge)
                     0.000   10.000   clock network delay (ideal)
            0.000    0.000   10.000 ^ u_domain_d.u_bridge_fifo.mem[1][6]$_DFFE_PP_/CLK (sky130_fd_sc_hd__edfxtp_1)
   0.002    0.063    0.328   10.328 v u_domain_d.u_bridge_fifo.mem[1][6]$_DFFE_PP_/Q (sky130_fd_sc_hd__edfxtp_1)
            0.063    0.000   10.328 v _3931_/A2 (sky130_fd_sc_hd__a222oi_1)
   0.002    0.230    0.303   10.631 ^ _3931_/Y (sky130_fd_sc_hd__a222oi_1)
            0.230    0.000   10.631 ^ _3934_/A2 (sky130_fd_sc_hd__o21ai_0)
   0.002    0.066    0.093   10.724 v _3934_/Y (sky130_fd_sc_hd__o21ai_0)
            0.066    0.000   10.724 v _3945_/A2 (sky130_fd_sc_hd__o21ai_0)
   0.002    0.126    0.137   10.861 ^ _3945_/Y (sky130_fd_sc_hd__o21ai_0)
            0.126    0.000   10.861 ^ _3962_/A (sky130_fd_sc_hd__nand3_1)
   0.002    0.053    0.071   10.932 v _3962_/Y (sky130_fd_sc_hd__nand3_1)
            0.053    0.000   10.932 v _3963_/A0 (sky130_fd_sc_hd__mux2_1)
   0.002    0.052    0.271   11.203 v _3963_/X (sky130_fd_sc_hd__mux2_1)
            0.052    0.000   11.203 v u_domain_d.u_bridge_fifo.rd_data[6]$_DFFE_PN0P_/D (sky130_fd_sc_hd__dfrtp_1)
                             11.203   data arrival time

            0.000   20.000   20.000   clock clk_50_d (rise edge)
                     0.000   20.000   clock network delay (ideal)
                     0.000   20.000   clock reconvergence pessimism
                             20.000 ^ u_domain_d.u_bridge_fifo.rd_data[6]$_DFFE_PN0P_/CLK (sky130_fd_sc_hd__dfrtp_1)
                    -0.128   19.872   library setup time
                             19.872   data required time
---------------------------------------------------------------------------
                             19.872   data required time
                            -11.203   data arrival time
---------------------------------------------------------------------------
                              8.670   slack (MET)


Startpoint: u_domain_d.u_bridge_fifo.mem[1][4]$_DFFE_PP_
            (rising edge-triggered flip-flop clocked by clk_bridge)
Endpoint: u_domain_d.u_bridge_fifo.rd_data[4]$_DFFE_PN0P_
          (rising edge-triggered flip-flop clocked by clk_50_d)
Path Group: clk_50_d
Path Type: max

     Cap     Slew    Delay     Time   Description
---------------------------------------------------------------------------
            0.000   10.000   10.000   clock clk_bridge (rise edge)
                     0.000   10.000   clock network delay (ideal)
            0.000    0.000   10.000 ^ u_domain_d.u_bridge_fifo.mem[1][4]$_DFFE_PP_/CLK (sky130_fd_sc_hd__edfxtp_1)
   0.002    0.063    0.328   10.328 v u_domain_d.u_bridge_fifo.mem[1][4]$_DFFE_PP_/Q (sky130_fd_sc_hd__edfxtp_1)
            0.063    0.000   10.328 v _3995_/A2 (sky130_fd_sc_hd__a221oi_1)
   0.003    0.220    0.278   10.606 ^ _3995_/Y (sky130_fd_sc_hd__a221oi_1)
            0.220    0.000   10.606 ^ _3997_/B (sky130_fd_sc_hd__nor3_1)
   0.002    0.068    0.075   10.681 v _3997_/Y (sky130_fd_sc_hd__nor3_1)
            0.068    0.000   10.681 v _3998_/C1 (sky130_fd_sc_hd__a221oi_1)
   0.002    0.217    0.201   10.882 ^ _3998_/Y (sky130_fd_sc_hd__a221oi_1)
            0.217    0.000   10.882 ^ _3999_/B (sky130_fd_sc_hd__nand2_1)
   0.002    0.047    0.071   10.953 v _3999_/Y (sky130_fd_sc_hd__nand2_1)
            0.047    0.000   10.953 v _4000_/A0 (sky130_fd_sc_hd__mux2_2)
   0.002    0.045    0.249   11.202 v _4000_/X (sky130_fd_sc_hd__mux2_2)
            0.045    0.000   11.202 v u_domain_d.u_bridge_fifo.rd_data[4]$_DFFE_PN0P_/D (sky130_fd_sc_hd__dfrtp_1)
                             11.202   data arrival time

            0.000   20.000   20.000   clock clk_50_d (rise edge)
                     0.000   20.000   clock network delay (ideal)
                     0.000   20.000   clock reconvergence pessimism
                             20.000 ^ u_domain_d.u_bridge_fifo.rd_data[4]$_DFFE_PN0P_/CLK (sky130_fd_sc_hd__dfrtp_1)
                    -0.125   19.875   library setup time
                             19.875   data required time
---------------------------------------------------------------------------
                             19.875   data required time
                            -11.202   data arrival time
---------------------------------------------------------------------------
                              8.673   slack (MET)


Startpoint: u_domain_d.u_bridge_fifo.mem[9][0]$_DFFE_PP_
            (rising edge-triggered flip-flop clocked by clk_bridge)
Endpoint: u_domain_d.u_bridge_fifo.rd_data[0]$_DFFE_PN0P_
          (rising edge-triggered flip-flop clocked by clk_50_d)
Path Group: clk_50_d
Path Type: max

     Cap     Slew    Delay     Time   Description
---------------------------------------------------------------------------
            0.000   10.000   10.000   clock clk_bridge (rise edge)
                     0.000   10.000   clock network delay (ideal)
            0.000    0.000   10.000 ^ u_domain_d.u_bridge_fifo.mem[9][0]$_DFFE_PP_/CLK (sky130_fd_sc_hd__edfxtp_1)
   0.002    0.063    0.328   10.328 v u_domain_d.u_bridge_fifo.mem[9][0]$_DFFE_PP_/Q (sky130_fd_sc_hd__edfxtp_1)
            0.063    0.000   10.328 v _4057_/A2 (sky130_fd_sc_hd__a222oi_1)
   0.002    0.248    0.317   10.645 ^ _4057_/Y (sky130_fd_sc_hd__a222oi_1)
            0.248    0.000   10.645 ^ _4059_/A2 (sky130_fd_sc_hd__a21oi_1)
   0.002    0.072    0.100   10.745 v _4059_/Y (sky130_fd_sc_hd__a21oi_1)
            0.072    0.000   10.745 v _4060_/B1 (sky130_fd_sc_hd__a21oi_1)
   0.002    0.101    0.115   10.859 ^ _4060_/Y (sky130_fd_sc_hd__a21oi_1)
            0.101    0.000   10.859 ^ _4069_/A2 (sky130_fd_sc_hd__o211ai_1)
   0.002    0.079    0.081   10.941 v _4069_/Y (sky130_fd_sc_hd__o211ai_1)
            0.079    0.000   10.941 v _4070_/A0 (sky130_fd_sc_hd__mux2_2)
   0.002    0.045    0.261   11.202 v _4070_/X (sky130_fd_sc_hd__mux2_2)
            0.045    0.000   11.202 v u_domain_d.u_bridge_fifo.rd_data[0]$_DFFE_PN0P_/D (sky130_fd_sc_hd__dfrtp_1)
                             11.202   data arrival time

            0.000   20.000   20.000   clock clk_50_d (rise edge)
                     0.000   20.000   clock network delay (ideal)
                     0.000   20.000   clock reconvergence pessimism
                             20.000 ^ u_domain_d.u_bridge_fifo.rd_data[0]$_DFFE_PN0P_/CLK (sky130_fd_sc_hd__dfrtp_1)
                    -0.125   19.875   library setup time
                             19.875   data required time
---------------------------------------------------------------------------
                             19.875   data required time
                            -11.202   data arrival time
---------------------------------------------------------------------------
                              8.673   slack (MET)


Startpoint: u_domain_d.u_bridge_fifo.mem[9][3]$_DFFE_PP_
            (rising edge-triggered flip-flop clocked by clk_bridge)
Endpoint: u_domain_d.u_bridge_fifo.rd_data[3]$_DFFE_PN0P_
          (rising edge-triggered flip-flop clocked by clk_50_d)
Path Group: clk_50_d
Path Type: max

     Cap     Slew    Delay     Time   Description
---------------------------------------------------------------------------
            0.000   10.000   10.000   clock clk_bridge (rise edge)
                     0.000   10.000   clock network delay (ideal)
            0.000    0.000   10.000 ^ u_domain_d.u_bridge_fifo.mem[9][3]$_DFFE_PP_/CLK (sky130_fd_sc_hd__edfxtp_1)
   0.002    0.063    0.328   10.328 v u_domain_d.u_bridge_fifo.mem[9][3]$_DFFE_PP_/Q (sky130_fd_sc_hd__edfxtp_1)
            0.063    0.000   10.328 v _4004_/A2 (sky130_fd_sc_hd__a222oi_1)
   0.002    0.250    0.318   10.646 ^ _4004_/Y (sky130_fd_sc_hd__a222oi_1)
            0.250    0.000   10.646 ^ _4006_/A2 (sky130_fd_sc_hd__a211oi_1)
   0.002    0.086    0.109   10.755 v _4006_/Y (sky130_fd_sc_hd__a211oi_1)
            0.086    0.000   10.755 v _4007_/B1 (sky130_fd_sc_hd__a21oi_1)
   0.002    0.099    0.118   10.874 ^ _4007_/Y (sky130_fd_sc_hd__a21oi_1)
            0.099    0.000   10.874 ^ _4020_/A1 (sky130_fd_sc_hd__a31oi_1)
   0.002    0.058    0.074   10.948 v _4020_/Y (sky130_fd_sc_hd__a31oi_1)
            0.058    0.000   10.948 v _4021_/A0 (sky130_fd_sc_hd__mux2_2)
   0.002    0.045    0.253   11.201 v _4021_/X (sky130_fd_sc_hd__mux2_2)
            0.045    0.000   11.201 v u_domain_d.u_bridge_fifo.rd_data[3]$_DFFE_PN0P_/D (sky130_fd_sc_hd__dfrtp_1)
                             11.201   data arrival time

            0.000   20.000   20.000   clock clk_50_d (rise edge)
                     0.000   20.000   clock network delay (ideal)
                     0.000   20.000   clock reconvergence pessimism
                             20.000 ^ u_domain_d.u_bridge_fifo.rd_data[3]$_DFFE_PN0P_/CLK (sky130_fd_sc_hd__dfrtp_1)
                    -0.125   19.875   library setup time
                             19.875   data required time
---------------------------------------------------------------------------
                             19.875   data required time
                            -11.201   data arrival time
---------------------------------------------------------------------------
                              8.675   slack (MET)


Startpoint: u_domain_d.u_bridge_fifo.mem[13][5]$_DFFE_PP_
            (rising edge-triggered flip-flop clocked by clk_bridge)
Endpoint: u_domain_d.u_bridge_fifo.rd_data[5]$_DFFE_PN0P_
          (rising edge-triggered flip-flop clocked by clk_50_d)
Path Group: clk_50_d
Path Type: max

     Cap     Slew    Delay     Time   Description
---------------------------------------------------------------------------
            0.000   10.000   10.000   clock clk_bridge (rise edge)
                     0.000   10.000   clock network delay (ideal)
            0.000    0.000   10.000 ^ u_domain_d.u_bridge_fifo.mem[13][5]$_DFFE_PP_/CLK (sky130_fd_sc_hd__edfxtp_1)
   0.002    0.064    0.329   10.329 v u_domain_d.u_bridge_fifo.mem[13][5]$_DFFE_PP_/Q (sky130_fd_sc_hd__edfxtp_1)
            0.064    0.000   10.329 v _3966_/A2 (sky130_fd_sc_hd__a22o_1)
   0.002    0.038    0.226   10.555 v _3966_/X (sky130_fd_sc_hd__a22o_1)
            0.038    0.000   10.555 v _3968_/B1 (sky130_fd_sc_hd__a211oi_1)
   0.002    0.162    0.183   10.738 ^ _3968_/Y (sky130_fd_sc_hd__a211oi_1)
            0.162    0.000   10.738 ^ _3982_/A2 (sky130_fd_sc_hd__o311ai_0)
   0.002    0.094    0.134   10.872 v _3982_/Y (sky130_fd_sc_hd__o311ai_0)
            0.094    0.000   10.872 v _3984_/A0 (sky130_fd_sc_hd__mux2_2)
   0.002    0.045    0.267   11.139 v _3984_/X (sky130_fd_sc_hd__mux2_2)
            0.045    0.000   11.139 v u_domain_d.u_bridge_fifo.rd_data[5]$_DFFE_PN0P_/D (sky130_fd_sc_hd__dfrtp_1)
                             11.139   data arrival time

            0.000   20.000   20.000   clock clk_50_d (rise edge)
                     0.000   20.000   clock network delay (ideal)
                     0.000   20.000   clock reconvergence pessimism
                             20.000 ^ u_domain_d.u_bridge_fifo.rd_data[5]$_DFFE_PN0P_/CLK (sky130_fd_sc_hd__dfrtp_1)
                    -0.125   19.875   library setup time
                             19.875   data required time
---------------------------------------------------------------------------
                             19.875   data required time
                            -11.139   data arrival time
---------------------------------------------------------------------------
                              8.736   slack (MET)


Startpoint: u_domain_d.u_bridge_fifo.mem[1][2]$_DFFE_PP_
            (rising edge-triggered flip-flop clocked by clk_bridge)
Endpoint: u_domain_d.u_bridge_fifo.rd_data[2]$_DFFE_PN0P_
          (rising edge-triggered flip-flop clocked by clk_50_d)
Path Group: clk_50_d
Path Type: max

     Cap     Slew    Delay     Time   Description
---------------------------------------------------------------------------
            0.000   10.000   10.000   clock clk_bridge (rise edge)
                     0.000   10.000   clock network delay (ideal)
            0.000    0.000   10.000 ^ u_domain_d.u_bridge_fifo.mem[1][2]$_DFFE_PP_/CLK (sky130_fd_sc_hd__edfxtp_1)
   0.002    0.064    0.329   10.329 v u_domain_d.u_bridge_fifo.mem[1][2]$_DFFE_PP_/Q (sky130_fd_sc_hd__edfxtp_1)
            0.064    0.000   10.329 v _4033_/A2 (sky130_fd_sc_hd__a22oi_1)
   0.002    0.130    0.166   10.495 ^ _4033_/Y (sky130_fd_sc_hd__a22oi_1)
            0.130    0.000   10.495 ^ _4035_/A2 (sky130_fd_sc_hd__o21ai_0)
   0.002    0.075    0.085   10.580 v _4035_/Y (sky130_fd_sc_hd__o21ai_0)
            0.075    0.000   10.580 v _4037_/A2 (sky130_fd_sc_hd__a22oi_1)
   0.002    0.142    0.179   10.759 ^ _4037_/Y (sky130_fd_sc_hd__a22oi_1)
            0.142    0.000   10.759 ^ _4039_/A3 (sky130_fd_sc_hd__a31oi_1)
   0.002    0.053    0.091   10.850 v _4039_/Y (sky130_fd_sc_hd__a31oi_1)
            0.053    0.000   10.850 v _4040_/A0 (sky130_fd_sc_hd__mux2_2)
   0.002    0.045    0.251   11.102 v _4040_/X (sky130_fd_sc_hd__mux2_2)
            0.045    0.000   11.102 v u_domain_d.u_bridge_fifo.rd_data[2]$_DFFE_PN0P_/D (sky130_fd_sc_hd__dfrtp_1)
                             11.102   data arrival time

            0.000   20.000   20.000   clock clk_50_d (rise edge)
                     0.000   20.000   clock network delay (ideal)
                     0.000   20.000   clock reconvergence pessimism
                             20.000 ^ u_domain_d.u_bridge_fifo.rd_data[2]$_DFFE_PN0P_/CLK (sky130_fd_sc_hd__dfrtp_1)
                    -0.125   19.875   library setup time
                             19.875   data required time
---------------------------------------------------------------------------
                             19.875   data required time
                            -11.102   data arrival time
---------------------------------------------------------------------------
                              8.774   slack (MET)


Startpoint: u_domain_d.u_bridge_fifo.wr_ptr_gray[2]$_DFFE_PN0P_
            (rising edge-triggered flip-flop clocked by clk_bridge)
Endpoint: u_domain_d.u_bridge_fifo.wr_ptr_gray_sync1[2]$_DFF_PN0_
          (rising edge-triggered flip-flop clocked by clk_50_d)
Path Group: clk_50_d
Path Type: max

     Cap     Slew    Delay     Time   Description
---------------------------------------------------------------------------
            0.000   10.000   10.000   clock clk_bridge (rise edge)
                     0.000   10.000   clock network delay (ideal)
            0.000    0.000   10.000 ^ u_domain_d.u_bridge_fifo.wr_ptr_gray[2]$_DFFE_PN0P_/CLK (sky130_fd_sc_hd__dfrtp_1)
   0.004    0.047    0.345   10.345 v u_domain_d.u_bridge_fifo.wr_ptr_gray[2]$_DFFE_PN0P_/Q (sky130_fd_sc_hd__dfrtp_1)
            0.047    0.000   10.345 v u_domain_d.u_bridge_fifo.wr_ptr_gray_sync1[2]$_DFF_PN0_/D (sky130_fd_sc_hd__dfrtp_1)
                             10.345   data arrival time

            0.000   20.000   20.000   clock clk_50_d (rise edge)
                     0.000   20.000   clock network delay (ideal)
                     0.000   20.000   clock reconvergence pessimism
                             20.000 ^ u_domain_d.u_bridge_fifo.wr_ptr_gray_sync1[2]$_DFF_PN0_/CLK (sky130_fd_sc_hd__dfrtp_1)
                    -0.126   19.874   library setup time
                             19.874   data required time
---------------------------------------------------------------------------
                             19.874   data required time
                            -10.345   data arrival time
---------------------------------------------------------------------------
                              9.530   slack (MET)


Startpoint: u_domain_d.u_bridge_fifo.wr_ptr_gray[0]$_DFFE_PN0P_
            (rising edge-triggered flip-flop clocked by clk_bridge)
Endpoint: u_domain_d.u_bridge_fifo.wr_ptr_gray_sync1[0]$_DFF_PN0_
          (rising edge-triggered flip-flop clocked by clk_50_d)
Path Group: clk_50_d
Path Type: max

     Cap     Slew    Delay     Time   Description
---------------------------------------------------------------------------
            0.000   10.000   10.000   clock clk_bridge (rise edge)
                     0.000   10.000   clock network delay (ideal)
            0.000    0.000   10.000 ^ u_domain_d.u_bridge_fifo.wr_ptr_gray[0]$_DFFE_PN0P_/CLK (sky130_fd_sc_hd__dfrtp_1)
   0.004    0.045    0.342   10.342 v u_domain_d.u_bridge_fifo.wr_ptr_gray[0]$_DFFE_PN0P_/Q (sky130_fd_sc_hd__dfrtp_1)
            0.045    0.000   10.342 v u_domain_d.u_bridge_fifo.wr_ptr_gray_sync1[0]$_DFF_PN0_/D (sky130_fd_sc_hd__dfrtp_1)
                             10.342   data arrival time

            0.000   20.000   20.000   clock clk_50_d (rise edge)
                     0.000   20.000   clock network delay (ideal)
                     0.000   20.000   clock reconvergence pessimism
                             20.000 ^ u_domain_d.u_bridge_fifo.wr_ptr_gray_sync1[0]$_DFF_PN0_/CLK (sky130_fd_sc_hd__dfrtp_1)
                    -0.124   19.876   library setup time
                             19.876   data required time
---------------------------------------------------------------------------
                             19.876   data required time
                            -10.342   data arrival time
---------------------------------------------------------------------------
                              9.534   slack (MET)


Startpoint: u_domain_d.u_div33.clk_out$_DFFE_PN0P_/Q (clock source 'clk_33_d')
Endpoint: u_domain_d.u_div33.clk_out$_DFFE_PN0P_
          (rising edge-triggered flip-flop clocked by clk_bridge)
Path Group: clk_bridge
Path Type: max

     Cap     Slew    Delay     Time   Description
---------------------------------------------------------------------------
            0.000   15.000   15.000   clock clk_33_d (fall edge)
                     0.173   15.173   clock network delay
                             15.173 v u_domain_d.u_div33.clk_out$_DFFE_PN0P_/D (sky130_fd_sc_hd__dfrtp_1)
                             15.173   data arrival time

            0.000   20.000   20.000   clock clk_bridge (rise edge)
                     0.000   20.000   clock network delay (ideal)
                     0.000   20.000   clock reconvergence pessimism
                             20.000 ^ u_domain_d.u_div33.clk_out$_DFFE_PN0P_/CLK (sky130_fd_sc_hd__dfrtp_1)
                    -0.134   19.866   library setup time
                             19.866   data required time
---------------------------------------------------------------------------
                             19.866   data required time
                            -15.173   data arrival time
---------------------------------------------------------------------------
                              4.693   slack (MET)


Startpoint: u_domain_d.u_bridge_fifo.wr_ptr_bin[1]$_DFFE_PN0P_
            (rising edge-triggered flip-flop clocked by clk_bridge)
Endpoint: u_domain_d.u_bridge_fifo.mem[1][0]$_DFFE_PP_
          (rising edge-triggered flip-flop clocked by clk_bridge)
Path Group: clk_bridge
Path Type: max

     Cap     Slew    Delay     Time   Description
---------------------------------------------------------------------------
            0.000    0.000    0.000   clock clk_bridge (rise edge)
                     0.000    0.000   clock network delay (ideal)
            0.000    0.000    0.000 ^ u_domain_d.u_bridge_fifo.wr_ptr_bin[1]$_DFFE_PN0P_/CLK (sky130_fd_sc_hd__dfrtp_1)
   0.020    0.115    0.416    0.416 v u_domain_d.u_bridge_fifo.wr_ptr_bin[1]$_DFFE_PN0P_/Q (sky130_fd_sc_hd__dfrtp_1)
            0.115    0.000    0.416 v _5270_/B (sky130_fd_sc_hd__ha_1)
   0.004    0.050    0.213    0.629 v _5270_/COUT (sky130_fd_sc_hd__ha_1)
            0.050    0.000    0.629 v _3467_/A (sky130_fd_sc_hd__buf_6)
   0.022    0.036    0.130    0.759 v _3467_/X (sky130_fd_sc_hd__buf_6)
            0.036    0.000    0.759 v _3483_/B (sky130_fd_sc_hd__xor2_1)
   0.004    0.060    0.140    0.900 v _3483_/X (sky130_fd_sc_hd__xor2_1)
            0.060    0.000    0.900 v _3485_/A (sky130_fd_sc_hd__xnor2_1)
   0.007    0.203    0.214    1.113 ^ _3485_/Y (sky130_fd_sc_hd__xnor2_1)
            0.203    0.000    1.113 ^ _3486_/B (sky130_fd_sc_hd__xnor2_1)
   0.002    0.111    0.139    1.252 ^ _3486_/Y (sky130_fd_sc_hd__xnor2_1)
            0.111    0.000    1.252 ^ _3487_/C1 (sky130_fd_sc_hd__a221o_2)
   0.026    0.146    0.204    1.456 ^ _3487_/X (sky130_fd_sc_hd__a221o_2)
            0.146    0.000    1.456 ^ _3501_/A1 (sky130_fd_sc_hd__o21ai_4)
   0.011    0.077    0.086    1.542 v _3501_/Y (sky130_fd_sc_hd__o21ai_4)
            0.077    0.000    1.542 v _3600_/A (sky130_fd_sc_hd__buf_4)
   0.031    0.057    0.179    1.721 v _3600_/X (sky130_fd_sc_hd__buf_4)
            0.057    0.000    1.721 v _5070_/C (sky130_fd_sc_hd__nor4_1)
   0.027    1.114    0.896    2.618 ^ _5070_/Y (sky130_fd_sc_hd__nor4_1)
            1.114    0.000    2.618 ^ u_domain_d.u_bridge_fifo.mem[1][0]$_DFFE_PP_/DE (sky130_fd_sc_hd__edfxtp_1)
                              2.618   data arrival time

            0.000   10.000   10.000   clock clk_bridge (rise edge)
                     0.000   10.000   clock network delay (ideal)
                     0.000   10.000   clock reconvergence pessimism
                             10.000 ^ u_domain_d.u_bridge_fifo.mem[1][0]$_DFFE_PP_/CLK (sky130_fd_sc_hd__edfxtp_1)
                    -0.395    9.605   library setup time
                              9.605   data required time
---------------------------------------------------------------------------
                              9.605   data required time
                             -2.618   data arrival time
---------------------------------------------------------------------------
                              6.988   slack (MET)


Startpoint: u_domain_d.u_bridge_fifo.wr_ptr_bin[1]$_DFFE_PN0P_
            (rising edge-triggered flip-flop clocked by clk_bridge)
Endpoint: u_domain_d.u_bridge_fifo.mem[1][1]$_DFFE_PP_
          (rising edge-triggered flip-flop clocked by clk_bridge)
Path Group: clk_bridge
Path Type: max

     Cap     Slew    Delay     Time   Description
---------------------------------------------------------------------------
            0.000    0.000    0.000   clock clk_bridge (rise edge)
                     0.000    0.000   clock network delay (ideal)
            0.000    0.000    0.000 ^ u_domain_d.u_bridge_fifo.wr_ptr_bin[1]$_DFFE_PN0P_/CLK (sky130_fd_sc_hd__dfrtp_1)
   0.020    0.115    0.416    0.416 v u_domain_d.u_bridge_fifo.wr_ptr_bin[1]$_DFFE_PN0P_/Q (sky130_fd_sc_hd__dfrtp_1)
            0.115    0.000    0.416 v _5270_/B (sky130_fd_sc_hd__ha_1)
   0.004    0.050    0.213    0.629 v _5270_/COUT (sky130_fd_sc_hd__ha_1)
            0.050    0.000    0.629 v _3467_/A (sky130_fd_sc_hd__buf_6)
   0.022    0.036    0.130    0.759 v _3467_/X (sky130_fd_sc_hd__buf_6)
            0.036    0.000    0.759 v _3483_/B (sky130_fd_sc_hd__xor2_1)
   0.004    0.060    0.140    0.900 v _3483_/X (sky130_fd_sc_hd__xor2_1)
            0.060    0.000    0.900 v _3485_/A (sky130_fd_sc_hd__xnor2_1)
   0.007    0.203    0.214    1.113 ^ _3485_/Y (sky130_fd_sc_hd__xnor2_1)
            0.203    0.000    1.113 ^ _3486_/B (sky130_fd_sc_hd__xnor2_1)
   0.002    0.111    0.139    1.252 ^ _3486_/Y (sky130_fd_sc_hd__xnor2_1)
            0.111    0.000    1.252 ^ _3487_/C1 (sky130_fd_sc_hd__a221o_2)
   0.026    0.146    0.204    1.456 ^ _3487_/X (sky130_fd_sc_hd__a221o_2)
            0.146    0.000    1.456 ^ _3501_/A1 (sky130_fd_sc_hd__o21ai_4)
   0.011    0.077    0.086    1.542 v _3501_/Y (sky130_fd_sc_hd__o21ai_4)
            0.077    0.000    1.542 v _3600_/A (sky130_fd_sc_hd__buf_4)
   0.031    0.057    0.179    1.721 v _3600_/X (sky130_fd_sc_hd__buf_4)
            0.057    0.000    1.721 v _5070_/C (sky130_fd_sc_hd__nor4_1)
   0.027    1.114    0.896    2.618 ^ _5070_/Y (sky130_fd_sc_hd__nor4_1)
            1.114    0.000    2.618 ^ u_domain_d.u_bridge_fifo.mem[1][1]$_DFFE_PP_/DE (sky130_fd_sc_hd__edfxtp_1)
                              2.618   data arrival time

            0.000   10.000   10.000   clock clk_bridge (rise edge)
                     0.000   10.000   clock network delay (ideal)
                     0.000   10.000   clock reconvergence pessimism
                             10.000 ^ u_domain_d.u_bridge_fifo.mem[1][1]$_DFFE_PP_/CLK (sky130_fd_sc_hd__edfxtp_1)
                    -0.395    9.605   library setup time
                              9.605   data required time
---------------------------------------------------------------------------
                              9.605   data required time
                             -2.618   data arrival time
---------------------------------------------------------------------------
                              6.988   slack (MET)


Startpoint: u_domain_d.u_bridge_fifo.wr_ptr_bin[1]$_DFFE_PN0P_
            (rising edge-triggered flip-flop clocked by clk_bridge)
Endpoint: u_domain_d.u_bridge_fifo.mem[1][2]$_DFFE_PP_
          (rising edge-triggered flip-flop clocked by clk_bridge)
Path Group: clk_bridge
Path Type: max

     Cap     Slew    Delay     Time   Description
---------------------------------------------------------------------------
            0.000    0.000    0.000   clock clk_bridge (rise edge)
                     0.000    0.000   clock network delay (ideal)
            0.000    0.000    0.000 ^ u_domain_d.u_bridge_fifo.wr_ptr_bin[1]$_DFFE_PN0P_/CLK (sky130_fd_sc_hd__dfrtp_1)
   0.020    0.115    0.416    0.416 v u_domain_d.u_bridge_fifo.wr_ptr_bin[1]$_DFFE_PN0P_/Q (sky130_fd_sc_hd__dfrtp_1)
            0.115    0.000    0.416 v _5270_/B (sky130_fd_sc_hd__ha_1)
   0.004    0.050    0.213    0.629 v _5270_/COUT (sky130_fd_sc_hd__ha_1)
            0.050    0.000    0.629 v _3467_/A (sky130_fd_sc_hd__buf_6)
   0.022    0.036    0.130    0.759 v _3467_/X (sky130_fd_sc_hd__buf_6)
            0.036    0.000    0.759 v _3483_/B (sky130_fd_sc_hd__xor2_1)
   0.004    0.060    0.140    0.900 v _3483_/X (sky130_fd_sc_hd__xor2_1)
            0.060    0.000    0.900 v _3485_/A (sky130_fd_sc_hd__xnor2_1)
   0.007    0.203    0.214    1.113 ^ _3485_/Y (sky130_fd_sc_hd__xnor2_1)
            0.203    0.000    1.113 ^ _3486_/B (sky130_fd_sc_hd__xnor2_1)
   0.002    0.111    0.139    1.252 ^ _3486_/Y (sky130_fd_sc_hd__xnor2_1)
            0.111    0.000    1.252 ^ _3487_/C1 (sky130_fd_sc_hd__a221o_2)
   0.026    0.146    0.204    1.456 ^ _3487_/X (sky130_fd_sc_hd__a221o_2)
            0.146    0.000    1.456 ^ _3501_/A1 (sky130_fd_sc_hd__o21ai_4)
   0.011    0.077    0.086    1.542 v _3501_/Y (sky130_fd_sc_hd__o21ai_4)
            0.077    0.000    1.542 v _3600_/A (sky130_fd_sc_hd__buf_4)
   0.031    0.057    0.179    1.721 v _3600_/X (sky130_fd_sc_hd__buf_4)
            0.057    0.000    1.721 v _5070_/C (sky130_fd_sc_hd__nor4_1)
   0.027    1.114    0.896    2.618 ^ _5070_/Y (sky130_fd_sc_hd__nor4_1)
            1.114    0.000    2.618 ^ u_domain_d.u_bridge_fifo.mem[1][2]$_DFFE_PP_/DE (sky130_fd_sc_hd__edfxtp_1)
                              2.618   data arrival time

            0.000   10.000   10.000   clock clk_bridge (rise edge)
                     0.000   10.000   clock network delay (ideal)
                     0.000   10.000   clock reconvergence pessimism
                             10.000 ^ u_domain_d.u_bridge_fifo.mem[1][2]$_DFFE_PP_/CLK (sky130_fd_sc_hd__edfxtp_1)
                    -0.395    9.605   library setup time
                              9.605   data required time
---------------------------------------------------------------------------
                              9.605   data required time
                             -2.618   data arrival time
---------------------------------------------------------------------------
                              6.988   slack (MET)


Startpoint: u_domain_d.u_bridge_fifo.wr_ptr_bin[1]$_DFFE_PN0P_
            (rising edge-triggered flip-flop clocked by clk_bridge)
Endpoint: u_domain_d.u_bridge_fifo.mem[1][3]$_DFFE_PP_
          (rising edge-triggered flip-flop clocked by clk_bridge)
Path Group: clk_bridge
Path Type: max

     Cap     Slew    Delay     Time   Description
---------------------------------------------------------------------------
            0.000    0.000    0.000   clock clk_bridge (rise edge)
                     0.000    0.000   clock network delay (ideal)
            0.000    0.000    0.000 ^ u_domain_d.u_bridge_fifo.wr_ptr_bin[1]$_DFFE_PN0P_/CLK (sky130_fd_sc_hd__dfrtp_1)
   0.020    0.115    0.416    0.416 v u_domain_d.u_bridge_fifo.wr_ptr_bin[1]$_DFFE_PN0P_/Q (sky130_fd_sc_hd__dfrtp_1)
            0.115    0.000    0.416 v _5270_/B (sky130_fd_sc_hd__ha_1)
   0.004    0.050    0.213    0.629 v _5270_/COUT (sky130_fd_sc_hd__ha_1)
            0.050    0.000    0.629 v _3467_/A (sky130_fd_sc_hd__buf_6)
   0.022    0.036    0.130    0.759 v _3467_/X (sky130_fd_sc_hd__buf_6)
            0.036    0.000    0.759 v _3483_/B (sky130_fd_sc_hd__xor2_1)
   0.004    0.060    0.140    0.900 v _3483_/X (sky130_fd_sc_hd__xor2_1)
            0.060    0.000    0.900 v _3485_/A (sky130_fd_sc_hd__xnor2_1)
   0.007    0.203    0.214    1.113 ^ _3485_/Y (sky130_fd_sc_hd__xnor2_1)
            0.203    0.000    1.113 ^ _3486_/B (sky130_fd_sc_hd__xnor2_1)
   0.002    0.111    0.139    1.252 ^ _3486_/Y (sky130_fd_sc_hd__xnor2_1)
            0.111    0.000    1.252 ^ _3487_/C1 (sky130_fd_sc_hd__a221o_2)
   0.026    0.146    0.204    1.456 ^ _3487_/X (sky130_fd_sc_hd__a221o_2)
            0.146    0.000    1.456 ^ _3501_/A1 (sky130_fd_sc_hd__o21ai_4)
   0.011    0.077    0.086    1.542 v _3501_/Y (sky130_fd_sc_hd__o21ai_4)
            0.077    0.000    1.542 v _3600_/A (sky130_fd_sc_hd__buf_4)
   0.031    0.057    0.179    1.721 v _3600_/X (sky130_fd_sc_hd__buf_4)
            0.057    0.000    1.721 v _5070_/C (sky130_fd_sc_hd__nor4_1)
   0.027    1.114    0.896    2.618 ^ _5070_/Y (sky130_fd_sc_hd__nor4_1)
            1.114    0.000    2.618 ^ u_domain_d.u_bridge_fifo.mem[1][3]$_DFFE_PP_/DE (sky130_fd_sc_hd__edfxtp_1)
                              2.618   data arrival time

            0.000   10.000   10.000   clock clk_bridge (rise edge)
                     0.000   10.000   clock network delay (ideal)
                     0.000   10.000   clock reconvergence pessimism
                             10.000 ^ u_domain_d.u_bridge_fifo.mem[1][3]$_DFFE_PP_/CLK (sky130_fd_sc_hd__edfxtp_1)
                    -0.395    9.605   library setup time
                              9.605   data required time
---------------------------------------------------------------------------
                              9.605   data required time
                             -2.618   data arrival time
---------------------------------------------------------------------------
                              6.988   slack (MET)


Startpoint: u_domain_d.u_bridge_fifo.wr_ptr_bin[1]$_DFFE_PN0P_
            (rising edge-triggered flip-flop clocked by clk_bridge)
Endpoint: u_domain_d.u_bridge_fifo.mem[1][4]$_DFFE_PP_
          (rising edge-triggered flip-flop clocked by clk_bridge)
Path Group: clk_bridge
Path Type: max

     Cap     Slew    Delay     Time   Description
---------------------------------------------------------------------------
            0.000    0.000    0.000   clock clk_bridge (rise edge)
                     0.000    0.000   clock network delay (ideal)
            0.000    0.000    0.000 ^ u_domain_d.u_bridge_fifo.wr_ptr_bin[1]$_DFFE_PN0P_/CLK (sky130_fd_sc_hd__dfrtp_1)
   0.020    0.115    0.416    0.416 v u_domain_d.u_bridge_fifo.wr_ptr_bin[1]$_DFFE_PN0P_/Q (sky130_fd_sc_hd__dfrtp_1)
            0.115    0.000    0.416 v _5270_/B (sky130_fd_sc_hd__ha_1)
   0.004    0.050    0.213    0.629 v _5270_/COUT (sky130_fd_sc_hd__ha_1)
            0.050    0.000    0.629 v _3467_/A (sky130_fd_sc_hd__buf_6)
   0.022    0.036    0.130    0.759 v _3467_/X (sky130_fd_sc_hd__buf_6)
            0.036    0.000    0.759 v _3483_/B (sky130_fd_sc_hd__xor2_1)
   0.004    0.060    0.140    0.900 v _3483_/X (sky130_fd_sc_hd__xor2_1)
            0.060    0.000    0.900 v _3485_/A (sky130_fd_sc_hd__xnor2_1)
   0.007    0.203    0.214    1.113 ^ _3485_/Y (sky130_fd_sc_hd__xnor2_1)
            0.203    0.000    1.113 ^ _3486_/B (sky130_fd_sc_hd__xnor2_1)
   0.002    0.111    0.139    1.252 ^ _3486_/Y (sky130_fd_sc_hd__xnor2_1)
            0.111    0.000    1.252 ^ _3487_/C1 (sky130_fd_sc_hd__a221o_2)
   0.026    0.146    0.204    1.456 ^ _3487_/X (sky130_fd_sc_hd__a221o_2)
            0.146    0.000    1.456 ^ _3501_/A1 (sky130_fd_sc_hd__o21ai_4)
   0.011    0.077    0.086    1.542 v _3501_/Y (sky130_fd_sc_hd__o21ai_4)
            0.077    0.000    1.542 v _3600_/A (sky130_fd_sc_hd__buf_4)
   0.031    0.057    0.179    1.721 v _3600_/X (sky130_fd_sc_hd__buf_4)
            0.057    0.000    1.721 v _5070_/C (sky130_fd_sc_hd__nor4_1)
   0.027    1.114    0.896    2.618 ^ _5070_/Y (sky130_fd_sc_hd__nor4_1)
            1.114    0.000    2.618 ^ u_domain_d.u_bridge_fifo.mem[1][4]$_DFFE_PP_/DE (sky130_fd_sc_hd__edfxtp_1)
                              2.618   data arrival time

            0.000   10.000   10.000   clock clk_bridge (rise edge)
                     0.000   10.000   clock network delay (ideal)
                     0.000   10.000   clock reconvergence pessimism
                             10.000 ^ u_domain_d.u_bridge_fifo.mem[1][4]$_DFFE_PP_/CLK (sky130_fd_sc_hd__edfxtp_1)
                    -0.395    9.605   library setup time
                              9.605   data required time
---------------------------------------------------------------------------
                              9.605   data required time
                             -2.618   data arrival time
---------------------------------------------------------------------------
                              6.988   slack (MET)


Startpoint: u_domain_d.u_bridge_fifo.wr_ptr_bin[1]$_DFFE_PN0P_
            (rising edge-triggered flip-flop clocked by clk_bridge)
Endpoint: u_domain_d.u_bridge_fifo.mem[1][5]$_DFFE_PP_
          (rising edge-triggered flip-flop clocked by clk_bridge)
Path Group: clk_bridge
Path Type: max

     Cap     Slew    Delay     Time   Description
---------------------------------------------------------------------------
            0.000    0.000    0.000   clock clk_bridge (rise edge)
                     0.000    0.000   clock network delay (ideal)
            0.000    0.000    0.000 ^ u_domain_d.u_bridge_fifo.wr_ptr_bin[1]$_DFFE_PN0P_/CLK (sky130_fd_sc_hd__dfrtp_1)
   0.020    0.115    0.416    0.416 v u_domain_d.u_bridge_fifo.wr_ptr_bin[1]$_DFFE_PN0P_/Q (sky130_fd_sc_hd__dfrtp_1)
            0.115    0.000    0.416 v _5270_/B (sky130_fd_sc_hd__ha_1)
   0.004    0.050    0.213    0.629 v _5270_/COUT (sky130_fd_sc_hd__ha_1)
            0.050    0.000    0.629 v _3467_/A (sky130_fd_sc_hd__buf_6)
   0.022    0.036    0.130    0.759 v _3467_/X (sky130_fd_sc_hd__buf_6)
            0.036    0.000    0.759 v _3483_/B (sky130_fd_sc_hd__xor2_1)
   0.004    0.060    0.140    0.900 v _3483_/X (sky130_fd_sc_hd__xor2_1)
            0.060    0.000    0.900 v _3485_/A (sky130_fd_sc_hd__xnor2_1)
   0.007    0.203    0.214    1.113 ^ _3485_/Y (sky130_fd_sc_hd__xnor2_1)
            0.203    0.000    1.113 ^ _3486_/B (sky130_fd_sc_hd__xnor2_1)
   0.002    0.111    0.139    1.252 ^ _3486_/Y (sky130_fd_sc_hd__xnor2_1)
            0.111    0.000    1.252 ^ _3487_/C1 (sky130_fd_sc_hd__a221o_2)
   0.026    0.146    0.204    1.456 ^ _3487_/X (sky130_fd_sc_hd__a221o_2)
            0.146    0.000    1.456 ^ _3501_/A1 (sky130_fd_sc_hd__o21ai_4)
   0.011    0.077    0.086    1.542 v _3501_/Y (sky130_fd_sc_hd__o21ai_4)
            0.077    0.000    1.542 v _3600_/A (sky130_fd_sc_hd__buf_4)
   0.031    0.057    0.179    1.721 v _3600_/X (sky130_fd_sc_hd__buf_4)
            0.057    0.000    1.721 v _5070_/C (sky130_fd_sc_hd__nor4_1)
   0.027    1.114    0.896    2.618 ^ _5070_/Y (sky130_fd_sc_hd__nor4_1)
            1.114    0.000    2.618 ^ u_domain_d.u_bridge_fifo.mem[1][5]$_DFFE_PP_/DE (sky130_fd_sc_hd__edfxtp_1)
                              2.618   data arrival time

            0.000   10.000   10.000   clock clk_bridge (rise edge)
                     0.000   10.000   clock network delay (ideal)
                     0.000   10.000   clock reconvergence pessimism
                             10.000 ^ u_domain_d.u_bridge_fifo.mem[1][5]$_DFFE_PP_/CLK (sky130_fd_sc_hd__edfxtp_1)
                    -0.395    9.605   library setup time
                              9.605   data required time
---------------------------------------------------------------------------
                              9.605   data required time
                             -2.618   data arrival time
---------------------------------------------------------------------------
                              6.988   slack (MET)


Startpoint: u_domain_d.u_bridge_fifo.wr_ptr_bin[1]$_DFFE_PN0P_
            (rising edge-triggered flip-flop clocked by clk_bridge)
Endpoint: u_domain_d.u_bridge_fifo.mem[1][6]$_DFFE_PP_
          (rising edge-triggered flip-flop clocked by clk_bridge)
Path Group: clk_bridge
Path Type: max

     Cap     Slew    Delay     Time   Description
---------------------------------------------------------------------------
            0.000    0.000    0.000   clock clk_bridge (rise edge)
                     0.000    0.000   clock network delay (ideal)
            0.000    0.000    0.000 ^ u_domain_d.u_bridge_fifo.wr_ptr_bin[1]$_DFFE_PN0P_/CLK (sky130_fd_sc_hd__dfrtp_1)
   0.020    0.115    0.416    0.416 v u_domain_d.u_bridge_fifo.wr_ptr_bin[1]$_DFFE_PN0P_/Q (sky130_fd_sc_hd__dfrtp_1)
            0.115    0.000    0.416 v _5270_/B (sky130_fd_sc_hd__ha_1)
   0.004    0.050    0.213    0.629 v _5270_/COUT (sky130_fd_sc_hd__ha_1)
            0.050    0.000    0.629 v _3467_/A (sky130_fd_sc_hd__buf_6)
   0.022    0.036    0.130    0.759 v _3467_/X (sky130_fd_sc_hd__buf_6)
            0.036    0.000    0.759 v _3483_/B (sky130_fd_sc_hd__xor2_1)
   0.004    0.060    0.140    0.900 v _3483_/X (sky130_fd_sc_hd__xor2_1)
            0.060    0.000    0.900 v _3485_/A (sky130_fd_sc_hd__xnor2_1)
   0.007    0.203    0.214    1.113 ^ _3485_/Y (sky130_fd_sc_hd__xnor2_1)
            0.203    0.000    1.113 ^ _3486_/B (sky130_fd_sc_hd__xnor2_1)
   0.002    0.111    0.139    1.252 ^ _3486_/Y (sky130_fd_sc_hd__xnor2_1)
            0.111    0.000    1.252 ^ _3487_/C1 (sky130_fd_sc_hd__a221o_2)
   0.026    0.146    0.204    1.456 ^ _3487_/X (sky130_fd_sc_hd__a221o_2)
            0.146    0.000    1.456 ^ _3501_/A1 (sky130_fd_sc_hd__o21ai_4)
   0.011    0.077    0.086    1.542 v _3501_/Y (sky130_fd_sc_hd__o21ai_4)
            0.077    0.000    1.542 v _3600_/A (sky130_fd_sc_hd__buf_4)
   0.031    0.057    0.179    1.721 v _3600_/X (sky130_fd_sc_hd__buf_4)
            0.057    0.000    1.721 v _5070_/C (sky130_fd_sc_hd__nor4_1)
   0.027    1.114    0.896    2.618 ^ _5070_/Y (sky130_fd_sc_hd__nor4_1)
            1.114    0.000    2.618 ^ u_domain_d.u_bridge_fifo.mem[1][6]$_DFFE_PP_/DE (sky130_fd_sc_hd__edfxtp_1)
                              2.618   data arrival time

            0.000   10.000   10.000   clock clk_bridge (rise edge)
                     0.000   10.000   clock network delay (ideal)
                     0.000   10.000   clock reconvergence pessimism
                             10.000 ^ u_domain_d.u_bridge_fifo.mem[1][6]$_DFFE_PP_/CLK (sky130_fd_sc_hd__edfxtp_1)
                    -0.395    9.605   library setup time
                              9.605   data required time
---------------------------------------------------------------------------
                              9.605   data required time
                             -2.618   data arrival time
---------------------------------------------------------------------------
                              6.988   slack (MET)


Startpoint: u_domain_d.u_bridge_fifo.wr_ptr_bin[1]$_DFFE_PN0P_
            (rising edge-triggered flip-flop clocked by clk_bridge)
Endpoint: u_domain_d.u_bridge_fifo.mem[1][7]$_DFFE_PP_
          (rising edge-triggered flip-flop clocked by clk_bridge)
Path Group: clk_bridge
Path Type: max

     Cap     Slew    Delay     Time   Description
---------------------------------------------------------------------------
            0.000    0.000    0.000   clock clk_bridge (rise edge)
                     0.000    0.000   clock network delay (ideal)
            0.000    0.000    0.000 ^ u_domain_d.u_bridge_fifo.wr_ptr_bin[1]$_DFFE_PN0P_/CLK (sky130_fd_sc_hd__dfrtp_1)
   0.020    0.115    0.416    0.416 v u_domain_d.u_bridge_fifo.wr_ptr_bin[1]$_DFFE_PN0P_/Q (sky130_fd_sc_hd__dfrtp_1)
            0.115    0.000    0.416 v _5270_/B (sky130_fd_sc_hd__ha_1)
   0.004    0.050    0.213    0.629 v _5270_/COUT (sky130_fd_sc_hd__ha_1)
            0.050    0.000    0.629 v _3467_/A (sky130_fd_sc_hd__buf_6)
   0.022    0.036    0.130    0.759 v _3467_/X (sky130_fd_sc_hd__buf_6)
            0.036    0.000    0.759 v _3483_/B (sky130_fd_sc_hd__xor2_1)
   0.004    0.060    0.140    0.900 v _3483_/X (sky130_fd_sc_hd__xor2_1)
            0.060    0.000    0.900 v _3485_/A (sky130_fd_sc_hd__xnor2_1)
   0.007    0.203    0.214    1.113 ^ _3485_/Y (sky130_fd_sc_hd__xnor2_1)
            0.203    0.000    1.113 ^ _3486_/B (sky130_fd_sc_hd__xnor2_1)
   0.002    0.111    0.139    1.252 ^ _3486_/Y (sky130_fd_sc_hd__xnor2_1)
            0.111    0.000    1.252 ^ _3487_/C1 (sky130_fd_sc_hd__a221o_2)
   0.026    0.146    0.204    1.456 ^ _3487_/X (sky130_fd_sc_hd__a221o_2)
            0.146    0.000    1.456 ^ _3501_/A1 (sky130_fd_sc_hd__o21ai_4)
   0.011    0.077    0.086    1.542 v _3501_/Y (sky130_fd_sc_hd__o21ai_4)
            0.077    0.000    1.542 v _3600_/A (sky130_fd_sc_hd__buf_4)
   0.031    0.057    0.179    1.721 v _3600_/X (sky130_fd_sc_hd__buf_4)
            0.057    0.000    1.721 v _5070_/C (sky130_fd_sc_hd__nor4_1)
   0.027    1.114    0.896    2.618 ^ _5070_/Y (sky130_fd_sc_hd__nor4_1)
            1.114    0.000    2.618 ^ u_domain_d.u_bridge_fifo.mem[1][7]$_DFFE_PP_/DE (sky130_fd_sc_hd__edfxtp_1)
                              2.618   data arrival time

            0.000   10.000   10.000   clock clk_bridge (rise edge)
                     0.000   10.000   clock network delay (ideal)
                     0.000   10.000   clock reconvergence pessimism
                             10.000 ^ u_domain_d.u_bridge_fifo.mem[1][7]$_DFFE_PP_/CLK (sky130_fd_sc_hd__edfxtp_1)
                    -0.395    9.605   library setup time
                              9.605   data required time
---------------------------------------------------------------------------
                              9.605   data required time
                             -2.618   data arrival time
---------------------------------------------------------------------------
                              6.988   slack (MET)


Startpoint: u_domain_d.u_bridge_fifo.wr_ptr_bin[1]$_DFFE_PN0P_
            (rising edge-triggered flip-flop clocked by clk_bridge)
Endpoint: u_domain_d.u_bridge_fifo.mem[2][0]$_DFFE_PP_
          (rising edge-triggered flip-flop clocked by clk_bridge)
Path Group: clk_bridge
Path Type: max

     Cap     Slew    Delay     Time   Description
---------------------------------------------------------------------------
            0.000    0.000    0.000   clock clk_bridge (rise edge)
                     0.000    0.000   clock network delay (ideal)
            0.000    0.000    0.000 ^ u_domain_d.u_bridge_fifo.wr_ptr_bin[1]$_DFFE_PN0P_/CLK (sky130_fd_sc_hd__dfrtp_1)
   0.020    0.115    0.416    0.416 v u_domain_d.u_bridge_fifo.wr_ptr_bin[1]$_DFFE_PN0P_/Q (sky130_fd_sc_hd__dfrtp_1)
            0.115    0.000    0.416 v _5270_/B (sky130_fd_sc_hd__ha_1)
   0.004    0.050    0.213    0.629 v _5270_/COUT (sky130_fd_sc_hd__ha_1)
            0.050    0.000    0.629 v _3467_/A (sky130_fd_sc_hd__buf_6)
   0.022    0.036    0.130    0.759 v _3467_/X (sky130_fd_sc_hd__buf_6)
            0.036    0.000    0.759 v _3483_/B (sky130_fd_sc_hd__xor2_1)
   0.004    0.060    0.140    0.900 v _3483_/X (sky130_fd_sc_hd__xor2_1)
            0.060    0.000    0.900 v _3485_/A (sky130_fd_sc_hd__xnor2_1)
   0.007    0.203    0.214    1.113 ^ _3485_/Y (sky130_fd_sc_hd__xnor2_1)
            0.203    0.000    1.113 ^ _3486_/B (sky130_fd_sc_hd__xnor2_1)
   0.002    0.111    0.139    1.252 ^ _3486_/Y (sky130_fd_sc_hd__xnor2_1)
            0.111    0.000    1.252 ^ _3487_/C1 (sky130_fd_sc_hd__a221o_2)
   0.026    0.146    0.204    1.456 ^ _3487_/X (sky130_fd_sc_hd__a221o_2)
            0.146    0.000    1.456 ^ _3501_/A1 (sky130_fd_sc_hd__o21ai_4)
   0.011    0.077    0.086    1.542 v _3501_/Y (sky130_fd_sc_hd__o21ai_4)
            0.077    0.000    1.542 v _3600_/A (sky130_fd_sc_hd__buf_4)
   0.031    0.057    0.179    1.721 v _3600_/X (sky130_fd_sc_hd__buf_4)
            0.057    0.000    1.721 v _5068_/C (sky130_fd_sc_hd__nor4_1)
   0.027    1.114    0.896    2.618 ^ _5068_/Y (sky130_fd_sc_hd__nor4_1)
            1.114    0.000    2.618 ^ u_domain_d.u_bridge_fifo.mem[2][0]$_DFFE_PP_/DE (sky130_fd_sc_hd__edfxtp_1)
                              2.618   data arrival time

            0.000   10.000   10.000   clock clk_bridge (rise edge)
                     0.000   10.000   clock network delay (ideal)
                     0.000   10.000   clock reconvergence pessimism
                             10.000 ^ u_domain_d.u_bridge_fifo.mem[2][0]$_DFFE_PP_/CLK (sky130_fd_sc_hd__edfxtp_1)
                    -0.395    9.605   library setup time
                              9.605   data required time
---------------------------------------------------------------------------
                              9.605   data required time
                             -2.618   data arrival time
---------------------------------------------------------------------------
                              6.988   slack (MET)


Startpoint: u_fifo_a_to_b.wr_ptr_bin[1]$_DFFE_PN0P_
            (rising edge-triggered flip-flop clocked by clk_core)
Endpoint: u_fifo_a_to_b.mem[10][0]$_DFFE_PP_
          (rising edge-triggered flip-flop clocked by clk_core)
Path Group: clk_core
Path Type: max

     Cap     Slew    Delay     Time   Description
---------------------------------------------------------------------------
            0.000    0.000    0.000   clock clk_core (rise edge)
                     0.000    0.000   clock network delay (ideal)
            0.000    0.000    0.000 ^ u_fifo_a_to_b.wr_ptr_bin[1]$_DFFE_PN0P_/CLK (sky130_fd_sc_hd__dfrtp_1)
   0.024    0.130    0.432    0.432 v u_fifo_a_to_b.wr_ptr_bin[1]$_DFFE_PN0P_/Q (sky130_fd_sc_hd__dfrtp_1)
            0.130    0.000    0.432 v _5352_/B (sky130_fd_sc_hd__ha_1)
   0.002    0.036    0.202    0.634 v _5352_/COUT (sky130_fd_sc_hd__ha_1)
            0.036    0.000    0.634 v _3254_/A (sky130_fd_sc_hd__buf_2)
   0.021    0.062    0.151    0.785 v _3254_/X (sky130_fd_sc_hd__buf_2)
            0.062    0.000    0.785 v _3275_/B (sky130_fd_sc_hd__xnor2_1)
   0.009    0.250    0.231    1.016 ^ _3275_/Y (sky130_fd_sc_hd__xnor2_1)
            0.250    0.000    1.016 ^ _3276_/B (sky130_fd_sc_hd__xnor2_1)
   0.005    0.160    0.166    1.182 ^ _3276_/Y (sky130_fd_sc_hd__xnor2_1)
            0.160    0.000    1.182 ^ _3277_/S (sky130_fd_sc_hd__mux2i_1)
   0.003    0.111    0.193    1.374 ^ _3277_/Y (sky130_fd_sc_hd__mux2i_1)
            0.111    0.000    1.374 ^ _3278_/D1 (sky130_fd_sc_hd__a2111o_1)
   0.017    0.162    0.188    1.562 ^ _3278_/X (sky130_fd_sc_hd__a2111o_1)
            0.162    0.000    1.562 ^ _3658_/B (sky130_fd_sc_hd__nand2_1)
   0.009    0.089    0.116    1.679 v _3658_/Y (sky130_fd_sc_hd__nand2_1)
            0.089    0.000    1.679 v _3662_/A (sky130_fd_sc_hd__buf_2)
   0.024    0.068    0.181    1.860 v _3662_/X (sky130_fd_sc_hd__buf_2)
            0.068    0.000    1.860 v _4995_/B (sky130_fd_sc_hd__nor4b_1)
   0.027    1.208    1.003    2.863 ^ _4995_/Y (sky130_fd_sc_hd__nor4b_1)
            1.208    0.000    2.863 ^ u_fifo_a_to_b.mem[10][0]$_DFFE_PP_/DE (sky130_fd_sc_hd__edfxtp_1)
                              2.863   data arrival time

            0.000    3.333    3.333   clock clk_core (rise edge)
                     0.000    3.333   clock network delay (ideal)
                     0.000    3.333   clock reconvergence pessimism
                              3.333 ^ u_fifo_a_to_b.mem[10][0]$_DFFE_PP_/CLK (sky130_fd_sc_hd__edfxtp_1)
                    -0.398    2.935   library setup time
                              2.935   data required time
---------------------------------------------------------------------------
                              2.935   data required time
                             -2.863   data arrival time
---------------------------------------------------------------------------
                              0.072   slack (MET)


Startpoint: u_fifo_a_to_b.wr_ptr_bin[1]$_DFFE_PN0P_
            (rising edge-triggered flip-flop clocked by clk_core)
Endpoint: u_fifo_a_to_b.mem[10][1]$_DFFE_PP_
          (rising edge-triggered flip-flop clocked by clk_core)
Path Group: clk_core
Path Type: max

     Cap     Slew    Delay     Time   Description
---------------------------------------------------------------------------
            0.000    0.000    0.000   clock clk_core (rise edge)
                     0.000    0.000   clock network delay (ideal)
            0.000    0.000    0.000 ^ u_fifo_a_to_b.wr_ptr_bin[1]$_DFFE_PN0P_/CLK (sky130_fd_sc_hd__dfrtp_1)
   0.024    0.130    0.432    0.432 v u_fifo_a_to_b.wr_ptr_bin[1]$_DFFE_PN0P_/Q (sky130_fd_sc_hd__dfrtp_1)
            0.130    0.000    0.432 v _5352_/B (sky130_fd_sc_hd__ha_1)
   0.002    0.036    0.202    0.634 v _5352_/COUT (sky130_fd_sc_hd__ha_1)
            0.036    0.000    0.634 v _3254_/A (sky130_fd_sc_hd__buf_2)
   0.021    0.062    0.151    0.785 v _3254_/X (sky130_fd_sc_hd__buf_2)
            0.062    0.000    0.785 v _3275_/B (sky130_fd_sc_hd__xnor2_1)
   0.009    0.250    0.231    1.016 ^ _3275_/Y (sky130_fd_sc_hd__xnor2_1)
            0.250    0.000    1.016 ^ _3276_/B (sky130_fd_sc_hd__xnor2_1)
   0.005    0.160    0.166    1.182 ^ _3276_/Y (sky130_fd_sc_hd__xnor2_1)
            0.160    0.000    1.182 ^ _3277_/S (sky130_fd_sc_hd__mux2i_1)
   0.003    0.111    0.193    1.374 ^ _3277_/Y (sky130_fd_sc_hd__mux2i_1)
            0.111    0.000    1.374 ^ _3278_/D1 (sky130_fd_sc_hd__a2111o_1)
   0.017    0.162    0.188    1.562 ^ _3278_/X (sky130_fd_sc_hd__a2111o_1)
            0.162    0.000    1.562 ^ _3658_/B (sky130_fd_sc_hd__nand2_1)
   0.009    0.089    0.116    1.679 v _3658_/Y (sky130_fd_sc_hd__nand2_1)
            0.089    0.000    1.679 v _3662_/A (sky130_fd_sc_hd__buf_2)
   0.024    0.068    0.181    1.860 v _3662_/X (sky130_fd_sc_hd__buf_2)
            0.068    0.000    1.860 v _4995_/B (sky130_fd_sc_hd__nor4b_1)
   0.027    1.208    1.003    2.863 ^ _4995_/Y (sky130_fd_sc_hd__nor4b_1)
            1.208    0.000    2.863 ^ u_fifo_a_to_b.mem[10][1]$_DFFE_PP_/DE (sky130_fd_sc_hd__edfxtp_1)
                              2.863   data arrival time

            0.000    3.333    3.333   clock clk_core (rise edge)
                     0.000    3.333   clock network delay (ideal)
                     0.000    3.333   clock reconvergence pessimism
                              3.333 ^ u_fifo_a_to_b.mem[10][1]$_DFFE_PP_/CLK (sky130_fd_sc_hd__edfxtp_1)
                    -0.398    2.935   library setup time
                              2.935   data required time
---------------------------------------------------------------------------
                              2.935   data required time
                             -2.863   data arrival time
---------------------------------------------------------------------------
                              0.072   slack (MET)


Startpoint: u_fifo_a_to_b.wr_ptr_bin[1]$_DFFE_PN0P_
            (rising edge-triggered flip-flop clocked by clk_core)
Endpoint: u_fifo_a_to_b.mem[10][2]$_DFFE_PP_
          (rising edge-triggered flip-flop clocked by clk_core)
Path Group: clk_core
Path Type: max

     Cap     Slew    Delay     Time   Description
---------------------------------------------------------------------------
            0.000    0.000    0.000   clock clk_core (rise edge)
                     0.000    0.000   clock network delay (ideal)
            0.000    0.000    0.000 ^ u_fifo_a_to_b.wr_ptr_bin[1]$_DFFE_PN0P_/CLK (sky130_fd_sc_hd__dfrtp_1)
   0.024    0.130    0.432    0.432 v u_fifo_a_to_b.wr_ptr_bin[1]$_DFFE_PN0P_/Q (sky130_fd_sc_hd__dfrtp_1)
            0.130    0.000    0.432 v _5352_/B (sky130_fd_sc_hd__ha_1)
   0.002    0.036    0.202    0.634 v _5352_/COUT (sky130_fd_sc_hd__ha_1)
            0.036    0.000    0.634 v _3254_/A (sky130_fd_sc_hd__buf_2)
   0.021    0.062    0.151    0.785 v _3254_/X (sky130_fd_sc_hd__buf_2)
            0.062    0.000    0.785 v _3275_/B (sky130_fd_sc_hd__xnor2_1)
   0.009    0.250    0.231    1.016 ^ _3275_/Y (sky130_fd_sc_hd__xnor2_1)
            0.250    0.000    1.016 ^ _3276_/B (sky130_fd_sc_hd__xnor2_1)
   0.005    0.160    0.166    1.182 ^ _3276_/Y (sky130_fd_sc_hd__xnor2_1)
            0.160    0.000    1.182 ^ _3277_/S (sky130_fd_sc_hd__mux2i_1)
   0.003    0.111    0.193    1.374 ^ _3277_/Y (sky130_fd_sc_hd__mux2i_1)
            0.111    0.000    1.374 ^ _3278_/D1 (sky130_fd_sc_hd__a2111o_1)
   0.017    0.162    0.188    1.562 ^ _3278_/X (sky130_fd_sc_hd__a2111o_1)
            0.162    0.000    1.562 ^ _3658_/B (sky130_fd_sc_hd__nand2_1)
   0.009    0.089    0.116    1.679 v _3658_/Y (sky130_fd_sc_hd__nand2_1)
            0.089    0.000    1.679 v _3662_/A (sky130_fd_sc_hd__buf_2)
   0.024    0.068    0.181    1.860 v _3662_/X (sky130_fd_sc_hd__buf_2)
            0.068    0.000    1.860 v _4995_/B (sky130_fd_sc_hd__nor4b_1)
   0.027    1.208    1.003    2.863 ^ _4995_/Y (sky130_fd_sc_hd__nor4b_1)
            1.208    0.000    2.863 ^ u_fifo_a_to_b.mem[10][2]$_DFFE_PP_/DE (sky130_fd_sc_hd__edfxtp_1)
                              2.863   data arrival time

            0.000    3.333    3.333   clock clk_core (rise edge)
                     0.000    3.333   clock network delay (ideal)
                     0.000    3.333   clock reconvergence pessimism
                              3.333 ^ u_fifo_a_to_b.mem[10][2]$_DFFE_PP_/CLK (sky130_fd_sc_hd__edfxtp_1)
                    -0.398    2.935   library setup time
                              2.935   data required time
---------------------------------------------------------------------------
                              2.935   data required time
                             -2.863   data arrival time
---------------------------------------------------------------------------
                              0.072   slack (MET)


Startpoint: u_fifo_a_to_b.wr_ptr_bin[1]$_DFFE_PN0P_
            (rising edge-triggered flip-flop clocked by clk_core)
Endpoint: u_fifo_a_to_b.mem[10][3]$_DFFE_PP_
          (rising edge-triggered flip-flop clocked by clk_core)
Path Group: clk_core
Path Type: max

     Cap     Slew    Delay     Time   Description
---------------------------------------------------------------------------
            0.000    0.000    0.000   clock clk_core (rise edge)
                     0.000    0.000   clock network delay (ideal)
            0.000    0.000    0.000 ^ u_fifo_a_to_b.wr_ptr_bin[1]$_DFFE_PN0P_/CLK (sky130_fd_sc_hd__dfrtp_1)
   0.024    0.130    0.432    0.432 v u_fifo_a_to_b.wr_ptr_bin[1]$_DFFE_PN0P_/Q (sky130_fd_sc_hd__dfrtp_1)
            0.130    0.000    0.432 v _5352_/B (sky130_fd_sc_hd__ha_1)
   0.002    0.036    0.202    0.634 v _5352_/COUT (sky130_fd_sc_hd__ha_1)
            0.036    0.000    0.634 v _3254_/A (sky130_fd_sc_hd__buf_2)
   0.021    0.062    0.151    0.785 v _3254_/X (sky130_fd_sc_hd__buf_2)
            0.062    0.000    0.785 v _3275_/B (sky130_fd_sc_hd__xnor2_1)
   0.009    0.250    0.231    1.016 ^ _3275_/Y (sky130_fd_sc_hd__xnor2_1)
            0.250    0.000    1.016 ^ _3276_/B (sky130_fd_sc_hd__xnor2_1)
   0.005    0.160    0.166    1.182 ^ _3276_/Y (sky130_fd_sc_hd__xnor2_1)
            0.160    0.000    1.182 ^ _3277_/S (sky130_fd_sc_hd__mux2i_1)
   0.003    0.111    0.193    1.374 ^ _3277_/Y (sky130_fd_sc_hd__mux2i_1)
            0.111    0.000    1.374 ^ _3278_/D1 (sky130_fd_sc_hd__a2111o_1)
   0.017    0.162    0.188    1.562 ^ _3278_/X (sky130_fd_sc_hd__a2111o_1)
            0.162    0.000    1.562 ^ _3658_/B (sky130_fd_sc_hd__nand2_1)
   0.009    0.089    0.116    1.679 v _3658_/Y (sky130_fd_sc_hd__nand2_1)
            0.089    0.000    1.679 v _3662_/A (sky130_fd_sc_hd__buf_2)
   0.024    0.068    0.181    1.860 v _3662_/X (sky130_fd_sc_hd__buf_2)
            0.068    0.000    1.860 v _4995_/B (sky130_fd_sc_hd__nor4b_1)
   0.027    1.208    1.003    2.863 ^ _4995_/Y (sky130_fd_sc_hd__nor4b_1)
            1.208    0.000    2.863 ^ u_fifo_a_to_b.mem[10][3]$_DFFE_PP_/DE (sky130_fd_sc_hd__edfxtp_1)
                              2.863   data arrival time

            0.000    3.333    3.333   clock clk_core (rise edge)
                     0.000    3.333   clock network delay (ideal)
                     0.000    3.333   clock reconvergence pessimism
                              3.333 ^ u_fifo_a_to_b.mem[10][3]$_DFFE_PP_/CLK (sky130_fd_sc_hd__edfxtp_1)
                    -0.398    2.935   library setup time
                              2.935   data required time
---------------------------------------------------------------------------
                              2.935   data required time
                             -2.863   data arrival time
---------------------------------------------------------------------------
                              0.072   slack (MET)


Startpoint: u_fifo_a_to_b.wr_ptr_bin[1]$_DFFE_PN0P_
            (rising edge-triggered flip-flop clocked by clk_core)
Endpoint: u_fifo_a_to_b.mem[10][4]$_DFFE_PP_
          (rising edge-triggered flip-flop clocked by clk_core)
Path Group: clk_core
Path Type: max

     Cap     Slew    Delay     Time   Description
---------------------------------------------------------------------------
            0.000    0.000    0.000   clock clk_core (rise edge)
                     0.000    0.000   clock network delay (ideal)
            0.000    0.000    0.000 ^ u_fifo_a_to_b.wr_ptr_bin[1]$_DFFE_PN0P_/CLK (sky130_fd_sc_hd__dfrtp_1)
   0.024    0.130    0.432    0.432 v u_fifo_a_to_b.wr_ptr_bin[1]$_DFFE_PN0P_/Q (sky130_fd_sc_hd__dfrtp_1)
            0.130    0.000    0.432 v _5352_/B (sky130_fd_sc_hd__ha_1)
   0.002    0.036    0.202    0.634 v _5352_/COUT (sky130_fd_sc_hd__ha_1)
            0.036    0.000    0.634 v _3254_/A (sky130_fd_sc_hd__buf_2)
   0.021    0.062    0.151    0.785 v _3254_/X (sky130_fd_sc_hd__buf_2)
            0.062    0.000    0.785 v _3275_/B (sky130_fd_sc_hd__xnor2_1)
   0.009    0.250    0.231    1.016 ^ _3275_/Y (sky130_fd_sc_hd__xnor2_1)
            0.250    0.000    1.016 ^ _3276_/B (sky130_fd_sc_hd__xnor2_1)
   0.005    0.160    0.166    1.182 ^ _3276_/Y (sky130_fd_sc_hd__xnor2_1)
            0.160    0.000    1.182 ^ _3277_/S (sky130_fd_sc_hd__mux2i_1)
   0.003    0.111    0.193    1.374 ^ _3277_/Y (sky130_fd_sc_hd__mux2i_1)
            0.111    0.000    1.374 ^ _3278_/D1 (sky130_fd_sc_hd__a2111o_1)
   0.017    0.162    0.188    1.562 ^ _3278_/X (sky130_fd_sc_hd__a2111o_1)
            0.162    0.000    1.562 ^ _3658_/B (sky130_fd_sc_hd__nand2_1)
   0.009    0.089    0.116    1.679 v _3658_/Y (sky130_fd_sc_hd__nand2_1)
            0.089    0.000    1.679 v _3662_/A (sky130_fd_sc_hd__buf_2)
   0.024    0.068    0.181    1.860 v _3662_/X (sky130_fd_sc_hd__buf_2)
            0.068    0.000    1.860 v _4995_/B (sky130_fd_sc_hd__nor4b_1)
   0.027    1.208    1.003    2.863 ^ _4995_/Y (sky130_fd_sc_hd__nor4b_1)
            1.208    0.000    2.863 ^ u_fifo_a_to_b.mem[10][4]$_DFFE_PP_/DE (sky130_fd_sc_hd__edfxtp_1)
                              2.863   data arrival time

            0.000    3.333    3.333   clock clk_core (rise edge)
                     0.000    3.333   clock network delay (ideal)
                     0.000    3.333   clock reconvergence pessimism
                              3.333 ^ u_fifo_a_to_b.mem[10][4]$_DFFE_PP_/CLK (sky130_fd_sc_hd__edfxtp_1)
                    -0.398    2.935   library setup time
                              2.935   data required time
---------------------------------------------------------------------------
                              2.935   data required time
                             -2.863   data arrival time
---------------------------------------------------------------------------
                              0.072   slack (MET)


Startpoint: u_fifo_a_to_b.wr_ptr_bin[1]$_DFFE_PN0P_
            (rising edge-triggered flip-flop clocked by clk_core)
Endpoint: u_fifo_a_to_b.mem[10][5]$_DFFE_PP_
          (rising edge-triggered flip-flop clocked by clk_core)
Path Group: clk_core
Path Type: max

     Cap     Slew    Delay     Time   Description
---------------------------------------------------------------------------
            0.000    0.000    0.000   clock clk_core (rise edge)
                     0.000    0.000   clock network delay (ideal)
            0.000    0.000    0.000 ^ u_fifo_a_to_b.wr_ptr_bin[1]$_DFFE_PN0P_/CLK (sky130_fd_sc_hd__dfrtp_1)
   0.024    0.130    0.432    0.432 v u_fifo_a_to_b.wr_ptr_bin[1]$_DFFE_PN0P_/Q (sky130_fd_sc_hd__dfrtp_1)
            0.130    0.000    0.432 v _5352_/B (sky130_fd_sc_hd__ha_1)
   0.002    0.036    0.202    0.634 v _5352_/COUT (sky130_fd_sc_hd__ha_1)
            0.036    0.000    0.634 v _3254_/A (sky130_fd_sc_hd__buf_2)
   0.021    0.062    0.151    0.785 v _3254_/X (sky130_fd_sc_hd__buf_2)
            0.062    0.000    0.785 v _3275_/B (sky130_fd_sc_hd__xnor2_1)
   0.009    0.250    0.231    1.016 ^ _3275_/Y (sky130_fd_sc_hd__xnor2_1)
            0.250    0.000    1.016 ^ _3276_/B (sky130_fd_sc_hd__xnor2_1)
   0.005    0.160    0.166    1.182 ^ _3276_/Y (sky130_fd_sc_hd__xnor2_1)
            0.160    0.000    1.182 ^ _3277_/S (sky130_fd_sc_hd__mux2i_1)
   0.003    0.111    0.193    1.374 ^ _3277_/Y (sky130_fd_sc_hd__mux2i_1)
            0.111    0.000    1.374 ^ _3278_/D1 (sky130_fd_sc_hd__a2111o_1)
   0.017    0.162    0.188    1.562 ^ _3278_/X (sky130_fd_sc_hd__a2111o_1)
            0.162    0.000    1.562 ^ _3658_/B (sky130_fd_sc_hd__nand2_1)
   0.009    0.089    0.116    1.679 v _3658_/Y (sky130_fd_sc_hd__nand2_1)
            0.089    0.000    1.679 v _3662_/A (sky130_fd_sc_hd__buf_2)
   0.024    0.068    0.181    1.860 v _3662_/X (sky130_fd_sc_hd__buf_2)
            0.068    0.000    1.860 v _4995_/B (sky130_fd_sc_hd__nor4b_1)
   0.027    1.208    1.003    2.863 ^ _4995_/Y (sky130_fd_sc_hd__nor4b_1)
            1.208    0.000    2.863 ^ u_fifo_a_to_b.mem[10][5]$_DFFE_PP_/DE (sky130_fd_sc_hd__edfxtp_1)
                              2.863   data arrival time

            0.000    3.333    3.333   clock clk_core (rise edge)
                     0.000    3.333   clock network delay (ideal)
                     0.000    3.333   clock reconvergence pessimism
                              3.333 ^ u_fifo_a_to_b.mem[10][5]$_DFFE_PP_/CLK (sky130_fd_sc_hd__edfxtp_1)
                    -0.398    2.935   library setup time
                              2.935   data required time
---------------------------------------------------------------------------
                              2.935   data required time
                             -2.863   data arrival time
---------------------------------------------------------------------------
                              0.072   slack (MET)


Startpoint: u_fifo_a_to_b.wr_ptr_bin[1]$_DFFE_PN0P_
            (rising edge-triggered flip-flop clocked by clk_core)
Endpoint: u_fifo_a_to_b.mem[10][6]$_DFFE_PP_
          (rising edge-triggered flip-flop clocked by clk_core)
Path Group: clk_core
Path Type: max

     Cap     Slew    Delay     Time   Description
---------------------------------------------------------------------------
            0.000    0.000    0.000   clock clk_core (rise edge)
                     0.000    0.000   clock network delay (ideal)
            0.000    0.000    0.000 ^ u_fifo_a_to_b.wr_ptr_bin[1]$_DFFE_PN0P_/CLK (sky130_fd_sc_hd__dfrtp_1)
   0.024    0.130    0.432    0.432 v u_fifo_a_to_b.wr_ptr_bin[1]$_DFFE_PN0P_/Q (sky130_fd_sc_hd__dfrtp_1)
            0.130    0.000    0.432 v _5352_/B (sky130_fd_sc_hd__ha_1)
   0.002    0.036    0.202    0.634 v _5352_/COUT (sky130_fd_sc_hd__ha_1)
            0.036    0.000    0.634 v _3254_/A (sky130_fd_sc_hd__buf_2)
   0.021    0.062    0.151    0.785 v _3254_/X (sky130_fd_sc_hd__buf_2)
            0.062    0.000    0.785 v _3275_/B (sky130_fd_sc_hd__xnor2_1)
   0.009    0.250    0.231    1.016 ^ _3275_/Y (sky130_fd_sc_hd__xnor2_1)
            0.250    0.000    1.016 ^ _3276_/B (sky130_fd_sc_hd__xnor2_1)
   0.005    0.160    0.166    1.182 ^ _3276_/Y (sky130_fd_sc_hd__xnor2_1)
            0.160    0.000    1.182 ^ _3277_/S (sky130_fd_sc_hd__mux2i_1)
   0.003    0.111    0.193    1.374 ^ _3277_/Y (sky130_fd_sc_hd__mux2i_1)
            0.111    0.000    1.374 ^ _3278_/D1 (sky130_fd_sc_hd__a2111o_1)
   0.017    0.162    0.188    1.562 ^ _3278_/X (sky130_fd_sc_hd__a2111o_1)
            0.162    0.000    1.562 ^ _3658_/B (sky130_fd_sc_hd__nand2_1)
   0.009    0.089    0.116    1.679 v _3658_/Y (sky130_fd_sc_hd__nand2_1)
            0.089    0.000    1.679 v _3662_/A (sky130_fd_sc_hd__buf_2)
   0.024    0.068    0.181    1.860 v _3662_/X (sky130_fd_sc_hd__buf_2)
            0.068    0.000    1.860 v _4995_/B (sky130_fd_sc_hd__nor4b_1)
   0.027    1.208    1.003    2.863 ^ _4995_/Y (sky130_fd_sc_hd__nor4b_1)
            1.208    0.000    2.863 ^ u_fifo_a_to_b.mem[10][6]$_DFFE_PP_/DE (sky130_fd_sc_hd__edfxtp_1)
                              2.863   data arrival time

            0.000    3.333    3.333   clock clk_core (rise edge)
                     0.000    3.333   clock network delay (ideal)
                     0.000    3.333   clock reconvergence pessimism
                              3.333 ^ u_fifo_a_to_b.mem[10][6]$_DFFE_PP_/CLK (sky130_fd_sc_hd__edfxtp_1)
                    -0.398    2.935   library setup time
                              2.935   data required time
---------------------------------------------------------------------------
                              2.935   data required time
                             -2.863   data arrival time
---------------------------------------------------------------------------
                              0.072   slack (MET)


Startpoint: u_fifo_a_to_b.wr_ptr_bin[1]$_DFFE_PN0P_
            (rising edge-triggered flip-flop clocked by clk_core)
Endpoint: u_fifo_a_to_b.mem[10][7]$_DFFE_PP_
          (rising edge-triggered flip-flop clocked by clk_core)
Path Group: clk_core
Path Type: max

     Cap     Slew    Delay     Time   Description
---------------------------------------------------------------------------
            0.000    0.000    0.000   clock clk_core (rise edge)
                     0.000    0.000   clock network delay (ideal)
            0.000    0.000    0.000 ^ u_fifo_a_to_b.wr_ptr_bin[1]$_DFFE_PN0P_/CLK (sky130_fd_sc_hd__dfrtp_1)
   0.024    0.130    0.432    0.432 v u_fifo_a_to_b.wr_ptr_bin[1]$_DFFE_PN0P_/Q (sky130_fd_sc_hd__dfrtp_1)
            0.130    0.000    0.432 v _5352_/B (sky130_fd_sc_hd__ha_1)
   0.002    0.036    0.202    0.634 v _5352_/COUT (sky130_fd_sc_hd__ha_1)
            0.036    0.000    0.634 v _3254_/A (sky130_fd_sc_hd__buf_2)
   0.021    0.062    0.151    0.785 v _3254_/X (sky130_fd_sc_hd__buf_2)
            0.062    0.000    0.785 v _3275_/B (sky130_fd_sc_hd__xnor2_1)
   0.009    0.250    0.231    1.016 ^ _3275_/Y (sky130_fd_sc_hd__xnor2_1)
            0.250    0.000    1.016 ^ _3276_/B (sky130_fd_sc_hd__xnor2_1)
   0.005    0.160    0.166    1.182 ^ _3276_/Y (sky130_fd_sc_hd__xnor2_1)
            0.160    0.000    1.182 ^ _3277_/S (sky130_fd_sc_hd__mux2i_1)
   0.003    0.111    0.193    1.374 ^ _3277_/Y (sky130_fd_sc_hd__mux2i_1)
            0.111    0.000    1.374 ^ _3278_/D1 (sky130_fd_sc_hd__a2111o_1)
   0.017    0.162    0.188    1.562 ^ _3278_/X (sky130_fd_sc_hd__a2111o_1)
            0.162    0.000    1.562 ^ _3658_/B (sky130_fd_sc_hd__nand2_1)
   0.009    0.089    0.116    1.679 v _3658_/Y (sky130_fd_sc_hd__nand2_1)
            0.089    0.000    1.679 v _3662_/A (sky130_fd_sc_hd__buf_2)
   0.024    0.068    0.181    1.860 v _3662_/X (sky130_fd_sc_hd__buf_2)
            0.068    0.000    1.860 v _4995_/B (sky130_fd_sc_hd__nor4b_1)
   0.027    1.208    1.003    2.863 ^ _4995_/Y (sky130_fd_sc_hd__nor4b_1)
            1.208    0.000    2.863 ^ u_fifo_a_to_b.mem[10][7]$_DFFE_PP_/DE (sky130_fd_sc_hd__edfxtp_1)
                              2.863   data arrival time

            0.000    3.333    3.333   clock clk_core (rise edge)
                     0.000    3.333   clock network delay (ideal)
                     0.000    3.333   clock reconvergence pessimism
                              3.333 ^ u_fifo_a_to_b.mem[10][7]$_DFFE_PP_/CLK (sky130_fd_sc_hd__edfxtp_1)
                    -0.398    2.935   library setup time
                              2.935   data required time
---------------------------------------------------------------------------
                              2.935   data required time
                             -2.863   data arrival time
---------------------------------------------------------------------------
                              0.072   slack (MET)


Startpoint: u_fifo_a_to_b.wr_ptr_bin[1]$_DFFE_PN0P_
            (rising edge-triggered flip-flop clocked by clk_core)
Endpoint: u_fifo_a_to_b.mem[11][0]$_DFFE_PP_
          (rising edge-triggered flip-flop clocked by clk_core)
Path Group: clk_core
Path Type: max

     Cap     Slew    Delay     Time   Description
---------------------------------------------------------------------------
            0.000    0.000    0.000   clock clk_core (rise edge)
                     0.000    0.000   clock network delay (ideal)
            0.000    0.000    0.000 ^ u_fifo_a_to_b.wr_ptr_bin[1]$_DFFE_PN0P_/CLK (sky130_fd_sc_hd__dfrtp_1)
   0.024    0.130    0.432    0.432 v u_fifo_a_to_b.wr_ptr_bin[1]$_DFFE_PN0P_/Q (sky130_fd_sc_hd__dfrtp_1)
            0.130    0.000    0.432 v _5352_/B (sky130_fd_sc_hd__ha_1)
   0.002    0.036    0.202    0.634 v _5352_/COUT (sky130_fd_sc_hd__ha_1)
            0.036    0.000    0.634 v _3254_/A (sky130_fd_sc_hd__buf_2)
   0.021    0.062    0.151    0.785 v _3254_/X (sky130_fd_sc_hd__buf_2)
            0.062    0.000    0.785 v _3275_/B (sky130_fd_sc_hd__xnor2_1)
   0.009    0.250    0.231    1.016 ^ _3275_/Y (sky130_fd_sc_hd__xnor2_1)
            0.250    0.000    1.016 ^ _3276_/B (sky130_fd_sc_hd__xnor2_1)
   0.005    0.160    0.166    1.182 ^ _3276_/Y (sky130_fd_sc_hd__xnor2_1)
            0.160    0.000    1.182 ^ _3277_/S (sky130_fd_sc_hd__mux2i_1)
   0.003    0.111    0.193    1.374 ^ _3277_/Y (sky130_fd_sc_hd__mux2i_1)
            0.111    0.000    1.374 ^ _3278_/D1 (sky130_fd_sc_hd__a2111o_1)
   0.017    0.162    0.188    1.562 ^ _3278_/X (sky130_fd_sc_hd__a2111o_1)
            0.162    0.000    1.562 ^ _3658_/B (sky130_fd_sc_hd__nand2_1)
   0.009    0.089    0.116    1.679 v _3658_/Y (sky130_fd_sc_hd__nand2_1)
            0.089    0.000    1.679 v _3662_/A (sky130_fd_sc_hd__buf_2)
   0.024    0.068    0.181    1.860 v _3662_/X (sky130_fd_sc_hd__buf_2)
            0.068    0.000    1.860 v _4992_/B (sky130_fd_sc_hd__nor4b_1)
   0.027    1.208    1.003    2.863 ^ _4992_/Y (sky130_fd_sc_hd__nor4b_1)
            1.208    0.000    2.863 ^ u_fifo_a_to_b.mem[11][0]$_DFFE_PP_/DE (sky130_fd_sc_hd__edfxtp_1)
                              2.863   data arrival time

            0.000    3.333    3.333   clock clk_core (rise edge)
                     0.000    3.333   clock network delay (ideal)
                     0.000    3.333   clock reconvergence pessimism
                              3.333 ^ u_fifo_a_to_b.mem[11][0]$_DFFE_PP_/CLK (sky130_fd_sc_hd__edfxtp_1)
                    -0.398    2.935   library setup time
                              2.935   data required time
---------------------------------------------------------------------------
                              2.935   data required time
                             -2.863   data arrival time
---------------------------------------------------------------------------
                              0.072   slack (MET)


Startpoint: u_fifo_a_to_b.wr_ptr_bin[1]$_DFFE_PN0P_
            (rising edge-triggered flip-flop clocked by clk_core)
Endpoint: u_fifo_a_to_b.mem[11][1]$_DFFE_PP_
          (rising edge-triggered flip-flop clocked by clk_core)
Path Group: clk_core
Path Type: max

     Cap     Slew    Delay     Time   Description
---------------------------------------------------------------------------
            0.000    0.000    0.000   clock clk_core (rise edge)
                     0.000    0.000   clock network delay (ideal)
            0.000    0.000    0.000 ^ u_fifo_a_to_b.wr_ptr_bin[1]$_DFFE_PN0P_/CLK (sky130_fd_sc_hd__dfrtp_1)
   0.024    0.130    0.432    0.432 v u_fifo_a_to_b.wr_ptr_bin[1]$_DFFE_PN0P_/Q (sky130_fd_sc_hd__dfrtp_1)
            0.130    0.000    0.432 v _5352_/B (sky130_fd_sc_hd__ha_1)
   0.002    0.036    0.202    0.634 v _5352_/COUT (sky130_fd_sc_hd__ha_1)
            0.036    0.000    0.634 v _3254_/A (sky130_fd_sc_hd__buf_2)
   0.021    0.062    0.151    0.785 v _3254_/X (sky130_fd_sc_hd__buf_2)
            0.062    0.000    0.785 v _3275_/B (sky130_fd_sc_hd__xnor2_1)
   0.009    0.250    0.231    1.016 ^ _3275_/Y (sky130_fd_sc_hd__xnor2_1)
            0.250    0.000    1.016 ^ _3276_/B (sky130_fd_sc_hd__xnor2_1)
   0.005    0.160    0.166    1.182 ^ _3276_/Y (sky130_fd_sc_hd__xnor2_1)
            0.160    0.000    1.182 ^ _3277_/S (sky130_fd_sc_hd__mux2i_1)
   0.003    0.111    0.193    1.374 ^ _3277_/Y (sky130_fd_sc_hd__mux2i_1)
            0.111    0.000    1.374 ^ _3278_/D1 (sky130_fd_sc_hd__a2111o_1)
   0.017    0.162    0.188    1.562 ^ _3278_/X (sky130_fd_sc_hd__a2111o_1)
            0.162    0.000    1.562 ^ _3658_/B (sky130_fd_sc_hd__nand2_1)
   0.009    0.089    0.116    1.679 v _3658_/Y (sky130_fd_sc_hd__nand2_1)
            0.089    0.000    1.679 v _3662_/A (sky130_fd_sc_hd__buf_2)
   0.024    0.068    0.181    1.860 v _3662_/X (sky130_fd_sc_hd__buf_2)
            0.068    0.000    1.860 v _4992_/B (sky130_fd_sc_hd__nor4b_1)
   0.027    1.208    1.003    2.863 ^ _4992_/Y (sky130_fd_sc_hd__nor4b_1)
            1.208    0.000    2.863 ^ u_fifo_a_to_b.mem[11][1]$_DFFE_PP_/DE (sky130_fd_sc_hd__edfxtp_1)
                              2.863   data arrival time

            0.000    3.333    3.333   clock clk_core (rise edge)
                     0.000    3.333   clock network delay (ideal)
                     0.000    3.333   clock reconvergence pessimism
                              3.333 ^ u_fifo_a_to_b.mem[11][1]$_DFFE_PP_/CLK (sky130_fd_sc_hd__edfxtp_1)
                    -0.398    2.935   library setup time
                              2.935   data required time
---------------------------------------------------------------------------
                              2.935   data required time
                             -2.863   data arrival time
---------------------------------------------------------------------------
                              0.072   slack (MET)


Startpoint: u_domain_c.delay[2][1]$_DFFE_PN0N_
            (rising edge-triggered flip-flop clocked by clk_dsp)
Endpoint: u_domain_c.result_out[7]$_DFF_PN0_
          (rising edge-triggered flip-flop clocked by clk_dsp)
Path Group: clk_dsp
Path Type: max

     Cap     Slew    Delay     Time   Description
---------------------------------------------------------------------------
            0.000    0.000    0.000   clock clk_dsp (rise edge)
                     0.000    0.000   clock network delay (ideal)
            0.000    0.000    0.000 ^ u_domain_c.delay[2][1]$_DFFE_PN0N_/CLK (sky130_fd_sc_hd__dfrtp_1)
   0.009    0.069    0.372    0.372 v u_domain_c.delay[2][1]$_DFFE_PN0N_/Q (sky130_fd_sc_hd__dfrtp_1)
            0.069    0.000    0.372 v _5343_/A (sky130_fd_sc_hd__ha_1)
   0.003    0.053    0.293    0.665 v _5343_/SUM (sky130_fd_sc_hd__ha_1)
            0.053    0.000    0.665 v _5364_/B (sky130_fd_sc_hd__ha_1)
   0.009    0.071    0.209    0.875 v _5364_/COUT (sky130_fd_sc_hd__ha_1)
            0.071    0.000    0.875 v _5148_/A (sky130_fd_sc_hd__fa_1)
   0.007    0.092    0.447    1.321 v _5148_/COUT (sky130_fd_sc_hd__fa_1)
            0.092    0.000    1.321 v _2945_/A1 (sky130_fd_sc_hd__a21o_1)
   0.002    0.031    0.165    1.487 v _2945_/X (sky130_fd_sc_hd__a21o_1)
            0.031    0.000    1.487 v _2946_/A2 (sky130_fd_sc_hd__a21oi_1)
   0.007    0.190    0.191    1.677 ^ _2946_/Y (sky130_fd_sc_hd__a21oi_1)
            0.190    0.000    1.677 ^ _2987_/A (sky130_fd_sc_hd__nor2b_1)
   0.002    0.049    0.066    1.743 v _2987_/Y (sky130_fd_sc_hd__nor2b_1)
            0.049    0.000    1.743 v _2988_/A2 (sky130_fd_sc_hd__o21a_1)
   0.004    0.041    0.170    1.913 v _2988_/X (sky130_fd_sc_hd__o21a_1)
            0.041    0.000    1.913 v _4710_/A2 (sky130_fd_sc_hd__o21ai_0)
   0.005    0.188    0.176    2.089 ^ _4710_/Y (sky130_fd_sc_hd__o21ai_0)
            0.188    0.000    2.089 ^ _4711_/B (sky130_fd_sc_hd__xnor2_1)
   0.007    0.080    0.114    2.203 v _4711_/Y (sky130_fd_sc_hd__xnor2_1)
            0.080    0.000    2.203 v _5153_/A (sky130_fd_sc_hd__fa_1)
   0.007    0.100    0.510    2.713 v _5153_/SUM (sky130_fd_sc_hd__fa_1)
            0.100    0.000    2.713 v _5329_/B (sky130_fd_sc_hd__ha_1)
   0.006    0.059    0.216    2.929 v _5329_/COUT (sky130_fd_sc_hd__ha_1)
            0.059    0.000    2.929 v _3221_/A (sky130_fd_sc_hd__or4_1)
   0.002    0.075    0.500    3.430 v _3221_/X (sky130_fd_sc_hd__or4_1)
            0.075    0.000    3.430 v _3222_/C1 (sky130_fd_sc_hd__o311ai_0)
   0.003    0.277    0.090    3.520 ^ _3222_/Y (sky130_fd_sc_hd__o311ai_0)
            0.277    0.000    3.520 ^ _3223_/B (sky130_fd_sc_hd__nor2_1)
   0.007    0.082    0.102    3.622 v _3223_/Y (sky130_fd_sc_hd__nor2_1)
            0.082    0.000    3.622 v _5190_/A (sky130_fd_sc_hd__fa_1)
   0.012    0.139    0.608    4.230 ^ _5190_/SUM (sky130_fd_sc_hd__fa_1)
            0.139    0.000    4.230 ^ _5131_/B (sky130_fd_sc_hd__fa_1)
   0.012    0.123    0.485    4.715 v _5131_/SUM (sky130_fd_sc_hd__fa_1)
            0.123    0.000    4.715 v _5203_/B (sky130_fd_sc_hd__fa_1)
   0.006    0.084    0.548    5.263 ^ _5203_/SUM (sky130_fd_sc_hd__fa_1)
            0.084    0.000    5.263 ^ _5088_/B (sky130_fd_sc_hd__fa_1)
   0.006    0.094    0.437    5.700 v _5088_/SUM (sky130_fd_sc_hd__fa_1)
            0.094    0.000    5.700 v _5210_/B (sky130_fd_sc_hd__fa_1)
   0.005    0.071    0.526    6.226 ^ _5210_/SUM (sky130_fd_sc_hd__fa_1)
            0.071    0.000    6.226 ^ _5087_/CIN (sky130_fd_sc_hd__fa_1)
   0.003    0.077    0.406    6.632 v _5087_/SUM (sky130_fd_sc_hd__fa_1)
            0.077    0.000    6.632 v _5393_/B (sky130_fd_sc_hd__ha_1)
   0.011    0.092    0.328    6.960 v _5393_/SUM (sky130_fd_sc_hd__ha_1)
            0.092    0.000    6.960 v _3074_/A2 (sky130_fd_sc_hd__a21o_1)
   0.002    0.031    0.186    7.145 v _3074_/X (sky130_fd_sc_hd__a21o_1)
            0.031    0.000    7.145 v _3075_/A2 (sky130_fd_sc_hd__a21oi_1)
   0.005    0.146    0.158    7.304 ^ _3075_/Y (sky130_fd_sc_hd__a21oi_1)
            0.146    0.000    7.304 ^ _3076_/A (sky130_fd_sc_hd__nor2b_1)
   0.007    0.059    0.084    7.388 v _3076_/Y (sky130_fd_sc_hd__nor2b_1)
            0.059    0.000    7.388 v _3086_/A1 (sky130_fd_sc_hd__o211a_1)
   0.002    0.037    0.218    7.606 v _3086_/X (sky130_fd_sc_hd__o211a_1)
            0.037    0.000    7.606 v _3092_/A (sky130_fd_sc_hd__nor3_1)
   0.002    0.128    0.156    7.762 ^ _3092_/Y (sky130_fd_sc_hd__nor3_1)
            0.128    0.000    7.762 ^ u_domain_c.result_out[7]$_DFF_PN0_/D (sky130_fd_sc_hd__dfrtp_1)
                              7.762   data arrival time

            0.000    4.000    4.000   clock clk_dsp (rise edge)
                     0.000    4.000   clock network delay (ideal)
                     0.000    4.000   clock reconvergence pessimism
                              4.000 ^ u_domain_c.result_out[7]$_DFF_PN0_/CLK (sky130_fd_sc_hd__dfrtp_1)
                    -0.086    3.914   library setup time
                              3.914   data required time
---------------------------------------------------------------------------
                              3.914   data required time
                             -7.762   data arrival time
---------------------------------------------------------------------------
                             -3.848   slack (VIOLATED)


Startpoint: u_domain_c.delay[2][1]$_DFFE_PN0N_
            (rising edge-triggered flip-flop clocked by clk_dsp)
Endpoint: u_domain_c.result_out[6]$_DFF_PN0_
          (rising edge-triggered flip-flop clocked by clk_dsp)
Path Group: clk_dsp
Path Type: max

     Cap     Slew    Delay     Time   Description
---------------------------------------------------------------------------
            0.000    0.000    0.000   clock clk_dsp (rise edge)
                     0.000    0.000   clock network delay (ideal)
            0.000    0.000    0.000 ^ u_domain_c.delay[2][1]$_DFFE_PN0N_/CLK (sky130_fd_sc_hd__dfrtp_1)
   0.009    0.069    0.372    0.372 v u_domain_c.delay[2][1]$_DFFE_PN0N_/Q (sky130_fd_sc_hd__dfrtp_1)
            0.069    0.000    0.372 v _5343_/A (sky130_fd_sc_hd__ha_1)
   0.003    0.053    0.293    0.665 v _5343_/SUM (sky130_fd_sc_hd__ha_1)
            0.053    0.000    0.665 v _5364_/B (sky130_fd_sc_hd__ha_1)
   0.009    0.071    0.209    0.875 v _5364_/COUT (sky130_fd_sc_hd__ha_1)
            0.071    0.000    0.875 v _5148_/A (sky130_fd_sc_hd__fa_1)
   0.007    0.092    0.447    1.321 v _5148_/COUT (sky130_fd_sc_hd__fa_1)
            0.092    0.000    1.321 v _2945_/A1 (sky130_fd_sc_hd__a21o_1)
   0.002    0.031    0.165    1.487 v _2945_/X (sky130_fd_sc_hd__a21o_1)
            0.031    0.000    1.487 v _2946_/A2 (sky130_fd_sc_hd__a21oi_1)
   0.007    0.190    0.191    1.677 ^ _2946_/Y (sky130_fd_sc_hd__a21oi_1)
            0.190    0.000    1.677 ^ _2987_/A (sky130_fd_sc_hd__nor2b_1)
   0.002    0.049    0.066    1.743 v _2987_/Y (sky130_fd_sc_hd__nor2b_1)
            0.049    0.000    1.743 v _2988_/A2 (sky130_fd_sc_hd__o21a_1)
   0.004    0.041    0.170    1.913 v _2988_/X (sky130_fd_sc_hd__o21a_1)
            0.041    0.000    1.913 v _4710_/A2 (sky130_fd_sc_hd__o21ai_0)
   0.005    0.188    0.176    2.089 ^ _4710_/Y (sky130_fd_sc_hd__o21ai_0)
            0.188    0.000    2.089 ^ _4711_/B (sky130_fd_sc_hd__xnor2_1)
   0.007    0.080    0.114    2.203 v _4711_/Y (sky130_fd_sc_hd__xnor2_1)
            0.080    0.000    2.203 v _5153_/A (sky130_fd_sc_hd__fa_1)
   0.007    0.100    0.510    2.713 v _5153_/SUM (sky130_fd_sc_hd__fa_1)
            0.100    0.000    2.713 v _5329_/B (sky130_fd_sc_hd__ha_1)
   0.006    0.059    0.216    2.929 v _5329_/COUT (sky130_fd_sc_hd__ha_1)
            0.059    0.000    2.929 v _3221_/A (sky130_fd_sc_hd__or4_1)
   0.002    0.075    0.500    3.430 v _3221_/X (sky130_fd_sc_hd__or4_1)
            0.075    0.000    3.430 v _3222_/C1 (sky130_fd_sc_hd__o311ai_0)
   0.003    0.277    0.090    3.520 ^ _3222_/Y (sky130_fd_sc_hd__o311ai_0)
            0.277    0.000    3.520 ^ _3223_/B (sky130_fd_sc_hd__nor2_1)
   0.007    0.082    0.102    3.622 v _3223_/Y (sky130_fd_sc_hd__nor2_1)
            0.082    0.000    3.622 v _5190_/A (sky130_fd_sc_hd__fa_1)
   0.012    0.139    0.608    4.230 ^ _5190_/SUM (sky130_fd_sc_hd__fa_1)
            0.139    0.000    4.230 ^ _5131_/B (sky130_fd_sc_hd__fa_1)
   0.012    0.123    0.485    4.715 v _5131_/SUM (sky130_fd_sc_hd__fa_1)
            0.123    0.000    4.715 v _5203_/B (sky130_fd_sc_hd__fa_1)
   0.006    0.084    0.548    5.263 ^ _5203_/SUM (sky130_fd_sc_hd__fa_1)
            0.084    0.000    5.263 ^ _5088_/B (sky130_fd_sc_hd__fa_1)
   0.006    0.094    0.437    5.700 v _5088_/SUM (sky130_fd_sc_hd__fa_1)
            0.094    0.000    5.700 v _5210_/B (sky130_fd_sc_hd__fa_1)
   0.005    0.071    0.526    6.226 ^ _5210_/SUM (sky130_fd_sc_hd__fa_1)
            0.071    0.000    6.226 ^ _5087_/CIN (sky130_fd_sc_hd__fa_1)
   0.003    0.077    0.406    6.632 v _5087_/SUM (sky130_fd_sc_hd__fa_1)
            0.077    0.000    6.632 v _5393_/B (sky130_fd_sc_hd__ha_1)
   0.011    0.092    0.328    6.960 v _5393_/SUM (sky130_fd_sc_hd__ha_1)
            0.092    0.000    6.960 v _3074_/A2 (sky130_fd_sc_hd__a21o_1)
   0.002    0.031    0.186    7.145 v _3074_/X (sky130_fd_sc_hd__a21o_1)
            0.031    0.000    7.145 v _3075_/A2 (sky130_fd_sc_hd__a21oi_1)
   0.005    0.146    0.158    7.304 ^ _3075_/Y (sky130_fd_sc_hd__a21oi_1)
            0.146    0.000    7.304 ^ _3076_/A (sky130_fd_sc_hd__nor2b_1)
   0.007    0.059    0.084    7.388 v _3076_/Y (sky130_fd_sc_hd__nor2b_1)
            0.059    0.000    7.388 v _3108_/B (sky130_fd_sc_hd__nor3_1)
   0.005    0.199    0.203    7.591 ^ _3108_/Y (sky130_fd_sc_hd__nor3_1)
            0.199    0.000    7.591 ^ _3109_/B (sky130_fd_sc_hd__xnor2_1)
   0.002    0.102    0.134    7.725 ^ _3109_/Y (sky130_fd_sc_hd__xnor2_1)
            0.102    0.000    7.725 ^ u_domain_c.result_out[6]$_DFF_PN0_/D (sky130_fd_sc_hd__dfrtp_1)
                              7.725   data arrival time

            0.000    4.000    4.000   clock clk_dsp (rise edge)
                     0.000    4.000   clock network delay (ideal)
                     0.000    4.000   clock reconvergence pessimism
                              4.000 ^ u_domain_c.result_out[6]$_DFF_PN0_/CLK (sky130_fd_sc_hd__dfrtp_1)
                    -0.080    3.920   library setup time
                              3.920   data required time
---------------------------------------------------------------------------
                              3.920   data required time
                             -7.725   data arrival time
---------------------------------------------------------------------------
                             -3.805   slack (VIOLATED)


Startpoint: u_domain_c.delay[2][1]$_DFFE_PN0N_
            (rising edge-triggered flip-flop clocked by clk_dsp)
Endpoint: u_domain_c.result_out[5]$_DFF_PN0_
          (rising edge-triggered flip-flop clocked by clk_dsp)
Path Group: clk_dsp
Path Type: max

     Cap     Slew    Delay     Time   Description
---------------------------------------------------------------------------
            0.000    0.000    0.000   clock clk_dsp (rise edge)
                     0.000    0.000   clock network delay (ideal)
            0.000    0.000    0.000 ^ u_domain_c.delay[2][1]$_DFFE_PN0N_/CLK (sky130_fd_sc_hd__dfrtp_1)
   0.009    0.069    0.372    0.372 v u_domain_c.delay[2][1]$_DFFE_PN0N_/Q (sky130_fd_sc_hd__dfrtp_1)
            0.069    0.000    0.372 v _5343_/A (sky130_fd_sc_hd__ha_1)
   0.003    0.053    0.293    0.665 v _5343_/SUM (sky130_fd_sc_hd__ha_1)
            0.053    0.000    0.665 v _5364_/B (sky130_fd_sc_hd__ha_1)
   0.009    0.071    0.209    0.875 v _5364_/COUT (sky130_fd_sc_hd__ha_1)
            0.071    0.000    0.875 v _5148_/A (sky130_fd_sc_hd__fa_1)
   0.007    0.092    0.447    1.321 v _5148_/COUT (sky130_fd_sc_hd__fa_1)
            0.092    0.000    1.321 v _2945_/A1 (sky130_fd_sc_hd__a21o_1)
   0.002    0.031    0.165    1.487 v _2945_/X (sky130_fd_sc_hd__a21o_1)
            0.031    0.000    1.487 v _2946_/A2 (sky130_fd_sc_hd__a21oi_1)
   0.007    0.190    0.191    1.677 ^ _2946_/Y (sky130_fd_sc_hd__a21oi_1)
            0.190    0.000    1.677 ^ _2987_/A (sky130_fd_sc_hd__nor2b_1)
   0.002    0.049    0.066    1.743 v _2987_/Y (sky130_fd_sc_hd__nor2b_1)
            0.049    0.000    1.743 v _2988_/A2 (sky130_fd_sc_hd__o21a_1)
   0.004    0.041    0.170    1.913 v _2988_/X (sky130_fd_sc_hd__o21a_1)
            0.041    0.000    1.913 v _4710_/A2 (sky130_fd_sc_hd__o21ai_0)
   0.005    0.188    0.176    2.089 ^ _4710_/Y (sky130_fd_sc_hd__o21ai_0)
            0.188    0.000    2.089 ^ _4711_/B (sky130_fd_sc_hd__xnor2_1)
   0.007    0.080    0.114    2.203 v _4711_/Y (sky130_fd_sc_hd__xnor2_1)
            0.080    0.000    2.203 v _5153_/A (sky130_fd_sc_hd__fa_1)
   0.007    0.100    0.510    2.713 v _5153_/SUM (sky130_fd_sc_hd__fa_1)
            0.100    0.000    2.713 v _5329_/B (sky130_fd_sc_hd__ha_1)
   0.006    0.059    0.216    2.929 v _5329_/COUT (sky130_fd_sc_hd__ha_1)
            0.059    0.000    2.929 v _3221_/A (sky130_fd_sc_hd__or4_1)
   0.002    0.075    0.500    3.430 v _3221_/X (sky130_fd_sc_hd__or4_1)
            0.075    0.000    3.430 v _3222_/C1 (sky130_fd_sc_hd__o311ai_0)
   0.003    0.277    0.090    3.520 ^ _3222_/Y (sky130_fd_sc_hd__o311ai_0)
            0.277    0.000    3.520 ^ _3223_/B (sky130_fd_sc_hd__nor2_1)
   0.007    0.082    0.102    3.622 v _3223_/Y (sky130_fd_sc_hd__nor2_1)
            0.082    0.000    3.622 v _5190_/A (sky130_fd_sc_hd__fa_1)
   0.012    0.139    0.608    4.230 ^ _5190_/SUM (sky130_fd_sc_hd__fa_1)
            0.139    0.000    4.230 ^ _5131_/B (sky130_fd_sc_hd__fa_1)
   0.012    0.123    0.485    4.715 v _5131_/SUM (sky130_fd_sc_hd__fa_1)
            0.123    0.000    4.715 v _5203_/B (sky130_fd_sc_hd__fa_1)
   0.006    0.084    0.548    5.263 ^ _5203_/SUM (sky130_fd_sc_hd__fa_1)
            0.084    0.000    5.263 ^ _5088_/B (sky130_fd_sc_hd__fa_1)
   0.006    0.094    0.437    5.700 v _5088_/SUM (sky130_fd_sc_hd__fa_1)
            0.094    0.000    5.700 v _5210_/B (sky130_fd_sc_hd__fa_1)
   0.005    0.071    0.526    6.226 ^ _5210_/SUM (sky130_fd_sc_hd__fa_1)
            0.071    0.000    6.226 ^ _5087_/CIN (sky130_fd_sc_hd__fa_1)
   0.003    0.077    0.406    6.632 v _5087_/SUM (sky130_fd_sc_hd__fa_1)
            0.077    0.000    6.632 v _5393_/B (sky130_fd_sc_hd__ha_1)
   0.011    0.092    0.328    6.960 v _5393_/SUM (sky130_fd_sc_hd__ha_1)
            0.092    0.000    6.960 v _3074_/A2 (sky130_fd_sc_hd__a21o_1)
   0.002    0.031    0.186    7.145 v _3074_/X (sky130_fd_sc_hd__a21o_1)
            0.031    0.000    7.145 v _3075_/A2 (sky130_fd_sc_hd__a21oi_1)
   0.005    0.146    0.158    7.304 ^ _3075_/Y (sky130_fd_sc_hd__a21oi_1)
            0.146    0.000    7.304 ^ _4724_/A (sky130_fd_sc_hd__nand2_1)
   0.004    0.058    0.078    7.382 v _4724_/Y (sky130_fd_sc_hd__nand2_1)
            0.058    0.000    7.382 v _4725_/B (sky130_fd_sc_hd__xor2_1)
   0.002    0.040    0.136    7.517 v _4725_/X (sky130_fd_sc_hd__xor2_1)
            0.040    0.000    7.517 v u_domain_c.result_out[5]$_DFF_PN0_/D (sky130_fd_sc_hd__dfrtp_1)
                              7.517   data arrival time

            0.000    4.000    4.000   clock clk_dsp (rise edge)
                     0.000    4.000   clock network delay (ideal)
                     0.000    4.000   clock reconvergence pessimism
                              4.000 ^ u_domain_c.result_out[5]$_DFF_PN0_/CLK (sky130_fd_sc_hd__dfrtp_1)
                    -0.123    3.877   library setup time
                              3.877   data required time
---------------------------------------------------------------------------
                              3.877   data required time
                             -7.517   data arrival time
---------------------------------------------------------------------------
                             -3.640   slack (VIOLATED)


Startpoint: u_domain_c.delay[2][1]$_DFFE_PN0N_
            (rising edge-triggered flip-flop clocked by clk_dsp)
Endpoint: u_domain_c.result_out[4]$_DFF_PN0_
          (rising edge-triggered flip-flop clocked by clk_dsp)
Path Group: clk_dsp
Path Type: max

     Cap     Slew    Delay     Time   Description
---------------------------------------------------------------------------
            0.000    0.000    0.000   clock clk_dsp (rise edge)
                     0.000    0.000   clock network delay (ideal)
            0.000    0.000    0.000 ^ u_domain_c.delay[2][1]$_DFFE_PN0N_/CLK (sky130_fd_sc_hd__dfrtp_1)
   0.009    0.069    0.372    0.372 v u_domain_c.delay[2][1]$_DFFE_PN0N_/Q (sky130_fd_sc_hd__dfrtp_1)
            0.069    0.000    0.372 v _5343_/A (sky130_fd_sc_hd__ha_1)
   0.003    0.053    0.293    0.665 v _5343_/SUM (sky130_fd_sc_hd__ha_1)
            0.053    0.000    0.665 v _5364_/B (sky130_fd_sc_hd__ha_1)
   0.009    0.071    0.209    0.875 v _5364_/COUT (sky130_fd_sc_hd__ha_1)
            0.071    0.000    0.875 v _5148_/A (sky130_fd_sc_hd__fa_1)
   0.007    0.092    0.447    1.321 v _5148_/COUT (sky130_fd_sc_hd__fa_1)
            0.092    0.000    1.321 v _2945_/A1 (sky130_fd_sc_hd__a21o_1)
   0.002    0.031    0.165    1.487 v _2945_/X (sky130_fd_sc_hd__a21o_1)
            0.031    0.000    1.487 v _2946_/A2 (sky130_fd_sc_hd__a21oi_1)
   0.007    0.190    0.191    1.677 ^ _2946_/Y (sky130_fd_sc_hd__a21oi_1)
            0.190    0.000    1.677 ^ _2987_/A (sky130_fd_sc_hd__nor2b_1)
   0.002    0.049    0.066    1.743 v _2987_/Y (sky130_fd_sc_hd__nor2b_1)
            0.049    0.000    1.743 v _2988_/A2 (sky130_fd_sc_hd__o21a_1)
   0.004    0.041    0.170    1.913 v _2988_/X (sky130_fd_sc_hd__o21a_1)
            0.041    0.000    1.913 v _4710_/A2 (sky130_fd_sc_hd__o21ai_0)
   0.005    0.188    0.176    2.089 ^ _4710_/Y (sky130_fd_sc_hd__o21ai_0)
            0.188    0.000    2.089 ^ _4711_/B (sky130_fd_sc_hd__xnor2_1)
   0.007    0.080    0.114    2.203 v _4711_/Y (sky130_fd_sc_hd__xnor2_1)
            0.080    0.000    2.203 v _5153_/A (sky130_fd_sc_hd__fa_1)
   0.007    0.100    0.510    2.713 v _5153_/SUM (sky130_fd_sc_hd__fa_1)
            0.100    0.000    2.713 v _5329_/B (sky130_fd_sc_hd__ha_1)
   0.006    0.059    0.216    2.929 v _5329_/COUT (sky130_fd_sc_hd__ha_1)
            0.059    0.000    2.929 v _3221_/A (sky130_fd_sc_hd__or4_1)
   0.002    0.075    0.500    3.430 v _3221_/X (sky130_fd_sc_hd__or4_1)
            0.075    0.000    3.430 v _3222_/C1 (sky130_fd_sc_hd__o311ai_0)
   0.003    0.277    0.090    3.520 ^ _3222_/Y (sky130_fd_sc_hd__o311ai_0)
            0.277    0.000    3.520 ^ _3223_/B (sky130_fd_sc_hd__nor2_1)
   0.007    0.082    0.102    3.622 v _3223_/Y (sky130_fd_sc_hd__nor2_1)
            0.082    0.000    3.622 v _5190_/A (sky130_fd_sc_hd__fa_1)
   0.012    0.139    0.608    4.230 ^ _5190_/SUM (sky130_fd_sc_hd__fa_1)
            0.139    0.000    4.230 ^ _5086_/B (sky130_fd_sc_hd__fa_1)
   0.006    0.094    0.451    4.681 v _5086_/SUM (sky130_fd_sc_hd__fa_1)
            0.094    0.000    4.681 v _5164_/B (sky130_fd_sc_hd__fa_1)
   0.006    0.084    0.538    5.219 ^ _5164_/SUM (sky130_fd_sc_hd__fa_1)
            0.084    0.000    5.219 ^ _5115_/B (sky130_fd_sc_hd__fa_1)
   0.006    0.094    0.437    5.656 v _5115_/SUM (sky130_fd_sc_hd__fa_1)
            0.094    0.000    5.656 v _5211_/B (sky130_fd_sc_hd__fa_1)
   0.005    0.071    0.526    6.182 ^ _5211_/SUM (sky130_fd_sc_hd__fa_1)
            0.071    0.000    6.182 ^ _5094_/CIN (sky130_fd_sc_hd__fa_1)
   0.003    0.077    0.406    6.588 v _5094_/SUM (sky130_fd_sc_hd__fa_1)
            0.077    0.000    6.588 v _5306_/B (sky130_fd_sc_hd__ha_1)
   0.008    0.068    0.217    6.806 v _5306_/COUT (sky130_fd_sc_hd__ha_1)
            0.068    0.000    6.806 v _2984_/A (sky130_fd_sc_hd__or2_2)
   0.005    0.062    0.305    7.111 v _2984_/X (sky130_fd_sc_hd__or2_2)
            0.062    0.000    7.111 v _2995_/A3 (sky130_fd_sc_hd__o31ai_1)
   0.005    0.245    0.232    7.343 ^ _2995_/Y (sky130_fd_sc_hd__o31ai_1)
            0.245    0.000    7.343 ^ _2996_/B (sky130_fd_sc_hd__xnor2_1)
   0.002    0.102    0.142    7.485 ^ _2996_/Y (sky130_fd_sc_hd__xnor2_1)
            0.102    0.000    7.485 ^ u_domain_c.result_out[4]$_DFF_PN0_/D (sky130_fd_sc_hd__dfrtp_1)
                              7.485   data arrival time

            0.000    4.000    4.000   clock clk_dsp (rise edge)
                     0.000    4.000   clock network delay (ideal)
                     0.000    4.000   clock reconvergence pessimism
                              4.000 ^ u_domain_c.result_out[4]$_DFF_PN0_/CLK (sky130_fd_sc_hd__dfrtp_1)
                    -0.080    3.920   library setup time
                              3.920   data required time
---------------------------------------------------------------------------
                              3.920   data required time
                             -7.485   data arrival time
---------------------------------------------------------------------------
                             -3.565   slack (VIOLATED)


Startpoint: u_domain_c.delay[2][1]$_DFFE_PN0N_
            (rising edge-triggered flip-flop clocked by clk_dsp)
Endpoint: u_domain_c.result_out[3]$_DFF_PN0_
          (rising edge-triggered flip-flop clocked by clk_dsp)
Path Group: clk_dsp
Path Type: max

     Cap     Slew    Delay     Time   Description
---------------------------------------------------------------------------
            0.000    0.000    0.000   clock clk_dsp (rise edge)
                     0.000    0.000   clock network delay (ideal)
            0.000    0.000    0.000 ^ u_domain_c.delay[2][1]$_DFFE_PN0N_/CLK (sky130_fd_sc_hd__dfrtp_1)
   0.009    0.069    0.372    0.372 v u_domain_c.delay[2][1]$_DFFE_PN0N_/Q (sky130_fd_sc_hd__dfrtp_1)
            0.069    0.000    0.372 v _5343_/A (sky130_fd_sc_hd__ha_1)
   0.003    0.053    0.293    0.665 v _5343_/SUM (sky130_fd_sc_hd__ha_1)
            0.053    0.000    0.665 v _5364_/B (sky130_fd_sc_hd__ha_1)
   0.009    0.071    0.209    0.875 v _5364_/COUT (sky130_fd_sc_hd__ha_1)
            0.071    0.000    0.875 v _5148_/A (sky130_fd_sc_hd__fa_1)
   0.007    0.092    0.447    1.321 v _5148_/COUT (sky130_fd_sc_hd__fa_1)
            0.092    0.000    1.321 v _2945_/A1 (sky130_fd_sc_hd__a21o_1)
   0.002    0.031    0.165    1.487 v _2945_/X (sky130_fd_sc_hd__a21o_1)
            0.031    0.000    1.487 v _2946_/A2 (sky130_fd_sc_hd__a21oi_1)
   0.007    0.190    0.191    1.677 ^ _2946_/Y (sky130_fd_sc_hd__a21oi_1)
            0.190    0.000    1.677 ^ _2987_/A (sky130_fd_sc_hd__nor2b_1)
   0.002    0.049    0.066    1.743 v _2987_/Y (sky130_fd_sc_hd__nor2b_1)
            0.049    0.000    1.743 v _2988_/A2 (sky130_fd_sc_hd__o21a_1)
   0.004    0.041    0.170    1.913 v _2988_/X (sky130_fd_sc_hd__o21a_1)
            0.041    0.000    1.913 v _4710_/A2 (sky130_fd_sc_hd__o21ai_0)
   0.005    0.188    0.176    2.089 ^ _4710_/Y (sky130_fd_sc_hd__o21ai_0)
            0.188    0.000    2.089 ^ _4711_/B (sky130_fd_sc_hd__xnor2_1)
   0.007    0.080    0.114    2.203 v _4711_/Y (sky130_fd_sc_hd__xnor2_1)
            0.080    0.000    2.203 v _5153_/A (sky130_fd_sc_hd__fa_1)
   0.007    0.100    0.510    2.713 v _5153_/SUM (sky130_fd_sc_hd__fa_1)
            0.100    0.000    2.713 v _5329_/B (sky130_fd_sc_hd__ha_1)
   0.006    0.059    0.216    2.929 v _5329_/COUT (sky130_fd_sc_hd__ha_1)
            0.059    0.000    2.929 v _3221_/A (sky130_fd_sc_hd__or4_1)
   0.002    0.075    0.500    3.430 v _3221_/X (sky130_fd_sc_hd__or4_1)
            0.075    0.000    3.430 v _3222_/C1 (sky130_fd_sc_hd__o311ai_0)
   0.003    0.277    0.090    3.520 ^ _3222_/Y (sky130_fd_sc_hd__o311ai_0)
            0.277    0.000    3.520 ^ _3223_/B (sky130_fd_sc_hd__nor2_1)
   0.007    0.082    0.102    3.622 v _3223_/Y (sky130_fd_sc_hd__nor2_1)
            0.082    0.000    3.622 v _5190_/A (sky130_fd_sc_hd__fa_1)
   0.012    0.139    0.608    4.230 ^ _5190_/SUM (sky130_fd_sc_hd__fa_1)
            0.139    0.000    4.230 ^ _5086_/B (sky130_fd_sc_hd__fa_1)
   0.006    0.094    0.451    4.681 v _5086_/SUM (sky130_fd_sc_hd__fa_1)
            0.094    0.000    4.681 v _5164_/B (sky130_fd_sc_hd__fa_1)
   0.006    0.084    0.538    5.219 ^ _5164_/SUM (sky130_fd_sc_hd__fa_1)
            0.084    0.000    5.219 ^ _5115_/B (sky130_fd_sc_hd__fa_1)
   0.006    0.094    0.437    5.656 v _5115_/SUM (sky130_fd_sc_hd__fa_1)
            0.094    0.000    5.656 v _5211_/B (sky130_fd_sc_hd__fa_1)
   0.005    0.071    0.526    6.182 ^ _5211_/SUM (sky130_fd_sc_hd__fa_1)
            0.071    0.000    6.182 ^ _5094_/CIN (sky130_fd_sc_hd__fa_1)
   0.003    0.077    0.406    6.588 v _5094_/SUM (sky130_fd_sc_hd__fa_1)
            0.077    0.000    6.588 v _5306_/B (sky130_fd_sc_hd__ha_1)
   0.008    0.068    0.217    6.806 v _5306_/COUT (sky130_fd_sc_hd__ha_1)
            0.068    0.000    6.806 v _2984_/A (sky130_fd_sc_hd__or2_2)
   0.005    0.062    0.305    7.111 v _2984_/X (sky130_fd_sc_hd__or2_2)
            0.062    0.000    7.111 v _2985_/B2 (sky130_fd_sc_hd__o22ai_1)
   0.005    0.162    0.134    7.245 ^ _2985_/Y (sky130_fd_sc_hd__o22ai_1)
            0.162    0.000    7.245 ^ _2986_/B (sky130_fd_sc_hd__xnor2_1)
   0.002    0.102    0.128    7.372 ^ _2986_/Y (sky130_fd_sc_hd__xnor2_1)
            0.102    0.000    7.372 ^ u_domain_c.result_out[3]$_DFF_PN0_/D (sky130_fd_sc_hd__dfrtp_1)
                              7.372   data arrival time

            0.000    4.000    4.000   clock clk_dsp (rise edge)
                     0.000    4.000   clock network delay (ideal)
                     0.000    4.000   clock reconvergence pessimism
                              4.000 ^ u_domain_c.result_out[3]$_DFF_PN0_/CLK (sky130_fd_sc_hd__dfrtp_1)
                    -0.080    3.920   library setup time
                              3.920   data required time
---------------------------------------------------------------------------
                              3.920   data required time
                             -7.372   data arrival time
---------------------------------------------------------------------------
                             -3.452   slack (VIOLATED)


Startpoint: u_domain_c.delay[2][1]$_DFFE_PN0N_
            (rising edge-triggered flip-flop clocked by clk_dsp)
Endpoint: u_domain_c.result_out[2]$_DFF_PN0_
          (rising edge-triggered flip-flop clocked by clk_dsp)
Path Group: clk_dsp
Path Type: max

     Cap     Slew    Delay     Time   Description
---------------------------------------------------------------------------
            0.000    0.000    0.000   clock clk_dsp (rise edge)
                     0.000    0.000   clock network delay (ideal)
            0.000    0.000    0.000 ^ u_domain_c.delay[2][1]$_DFFE_PN0N_/CLK (sky130_fd_sc_hd__dfrtp_1)
   0.009    0.069    0.372    0.372 v u_domain_c.delay[2][1]$_DFFE_PN0N_/Q (sky130_fd_sc_hd__dfrtp_1)
            0.069    0.000    0.372 v _5343_/A (sky130_fd_sc_hd__ha_1)
   0.003    0.053    0.293    0.665 v _5343_/SUM (sky130_fd_sc_hd__ha_1)
            0.053    0.000    0.665 v _5364_/B (sky130_fd_sc_hd__ha_1)
   0.009    0.071    0.209    0.875 v _5364_/COUT (sky130_fd_sc_hd__ha_1)
            0.071    0.000    0.875 v _5148_/A (sky130_fd_sc_hd__fa_1)
   0.007    0.092    0.447    1.321 v _5148_/COUT (sky130_fd_sc_hd__fa_1)
            0.092    0.000    1.321 v _2945_/A1 (sky130_fd_sc_hd__a21o_1)
   0.002    0.031    0.165    1.487 v _2945_/X (sky130_fd_sc_hd__a21o_1)
            0.031    0.000    1.487 v _2946_/A2 (sky130_fd_sc_hd__a21oi_1)
   0.007    0.190    0.191    1.677 ^ _2946_/Y (sky130_fd_sc_hd__a21oi_1)
            0.190    0.000    1.677 ^ _2987_/A (sky130_fd_sc_hd__nor2b_1)
   0.002    0.049    0.066    1.743 v _2987_/Y (sky130_fd_sc_hd__nor2b_1)
            0.049    0.000    1.743 v _2988_/A2 (sky130_fd_sc_hd__o21a_1)
   0.004    0.041    0.170    1.913 v _2988_/X (sky130_fd_sc_hd__o21a_1)
            0.041    0.000    1.913 v _2989_/B (sky130_fd_sc_hd__nor2_1)
   0.005    0.110    0.103    2.016 ^ _2989_/Y (sky130_fd_sc_hd__nor2_1)
            0.110    0.000    2.016 ^ _2990_/B (sky130_fd_sc_hd__xnor2_1)
   0.007    0.202    0.155    2.172 ^ _2990_/Y (sky130_fd_sc_hd__xnor2_1)
            0.202    0.000    2.172 ^ _5201_/A (sky130_fd_sc_hd__fa_1)
   0.003    0.077    0.419    2.591 v _5201_/SUM (sky130_fd_sc_hd__fa_1)
            0.077    0.000    2.591 v _5436_/B (sky130_fd_sc_hd__ha_1)
   0.010    0.097    0.324    2.915 ^ _5436_/SUM (sky130_fd_sc_hd__ha_1)
            0.097    0.000    2.915 ^ _3214_/A (sky130_fd_sc_hd__inv_1)
   0.002    0.030    0.044    2.958 v _3214_/Y (sky130_fd_sc_hd__inv_1)
            0.030    0.000    2.958 v _3216_/A1 (sky130_fd_sc_hd__o21bai_1)
   0.002    0.102    0.119    3.077 ^ _3216_/Y (sky130_fd_sc_hd__o21bai_1)
            0.102    0.000    3.077 ^ _3217_/B1 (sky130_fd_sc_hd__o41a_1)
   0.009    0.118    0.197    3.275 ^ _3217_/X (sky130_fd_sc_hd__o41a_1)
            0.118    0.000    3.275 ^ _3241_/B (sky130_fd_sc_hd__xor2_1)
   0.007    0.190    0.207    3.482 ^ _3241_/X (sky130_fd_sc_hd__xor2_1)
            0.190    0.000    3.482 ^ _5172_/A (sky130_fd_sc_hd__fa_1)
   0.006    0.094    0.438    3.920 v _5172_/SUM (sky130_fd_sc_hd__fa_1)
            0.094    0.000    3.920 v _5165_/B (sky130_fd_sc_hd__fa_1)
   0.006    0.094    0.486    4.406 v _5165_/SUM (sky130_fd_sc_hd__fa_1)
            0.094    0.000    4.406 v _5223_/B (sky130_fd_sc_hd__fa_1)
   0.006    0.084    0.538    4.944 ^ _5223_/SUM (sky130_fd_sc_hd__fa_1)
            0.084    0.000    4.944 ^ _5209_/B (sky130_fd_sc_hd__fa_1)
   0.006    0.094    0.437    5.381 v _5209_/SUM (sky130_fd_sc_hd__fa_1)
            0.094    0.000    5.381 v _5138_/B (sky130_fd_sc_hd__fa_1)
   0.005    0.071    0.526    5.907 ^ _5138_/SUM (sky130_fd_sc_hd__fa_1)
            0.071    0.000    5.907 ^ _5236_/CIN (sky130_fd_sc_hd__fa_1)
   0.003    0.077    0.406    6.313 v _5236_/SUM (sky130_fd_sc_hd__fa_1)
            0.077    0.000    6.313 v _5376_/B (sky130_fd_sc_hd__ha_1)
   0.011    0.078    0.228    6.541 v _5376_/COUT (sky130_fd_sc_hd__ha_1)
            0.078    0.000    6.541 v _2980_/B1 (sky130_fd_sc_hd__a211oi_1)
   0.002    0.175    0.207    6.748 ^ _2980_/Y (sky130_fd_sc_hd__a211oi_1)
            0.175    0.000    6.748 ^ _2981_/B1 (sky130_fd_sc_hd__o21a_1)
   0.002    0.041    0.141    6.889 ^ _2981_/X (sky130_fd_sc_hd__o21a_1)
            0.041    0.000    6.889 ^ _2983_/A (sky130_fd_sc_hd__nor2_1)
   0.009    0.075    0.060    6.949 v _2983_/Y (sky130_fd_sc_hd__nor2_1)
            0.075    0.000    6.949 v _5075_/B (sky130_fd_sc_hd__nor2_1)
   0.005    0.110    0.115    7.065 ^ _5075_/Y (sky130_fd_sc_hd__nor2_1)
            0.110    0.000    7.065 ^ _5076_/B (sky130_fd_sc_hd__xnor2_1)
   0.002    0.102    0.117    7.182 ^ _5076_/Y (sky130_fd_sc_hd__xnor2_1)
            0.102    0.000    7.182 ^ u_domain_c.result_out[2]$_DFF_PN0_/D (sky130_fd_sc_hd__dfrtp_1)
                              7.182   data arrival time

            0.000    4.000    4.000   clock clk_dsp (rise edge)
                     0.000    4.000   clock network delay (ideal)
                     0.000    4.000   clock reconvergence pessimism
                              4.000 ^ u_domain_c.result_out[2]$_DFF_PN0_/CLK (sky130_fd_sc_hd__dfrtp_1)
                    -0.080    3.920   library setup time
                              3.920   data required time
---------------------------------------------------------------------------
                              3.920   data required time
                             -7.182   data arrival time
---------------------------------------------------------------------------
                             -3.262   slack (VIOLATED)


Startpoint: u_domain_c.delay[2][1]$_DFFE_PN0N_
            (rising edge-triggered flip-flop clocked by clk_dsp)
Endpoint: u_domain_c.result_out[1]$_DFF_PN0_
          (rising edge-triggered flip-flop clocked by clk_dsp)
Path Group: clk_dsp
Path Type: max

     Cap     Slew    Delay     Time   Description
---------------------------------------------------------------------------
            0.000    0.000    0.000   clock clk_dsp (rise edge)
                     0.000    0.000   clock network delay (ideal)
            0.000    0.000    0.000 ^ u_domain_c.delay[2][1]$_DFFE_PN0N_/CLK (sky130_fd_sc_hd__dfrtp_1)
   0.009    0.069    0.372    0.372 v u_domain_c.delay[2][1]$_DFFE_PN0N_/Q (sky130_fd_sc_hd__dfrtp_1)
            0.069    0.000    0.372 v _5343_/A (sky130_fd_sc_hd__ha_1)
   0.003    0.053    0.293    0.665 v _5343_/SUM (sky130_fd_sc_hd__ha_1)
            0.053    0.000    0.665 v _5364_/B (sky130_fd_sc_hd__ha_1)
   0.009    0.071    0.209    0.875 v _5364_/COUT (sky130_fd_sc_hd__ha_1)
            0.071    0.000    0.875 v _5148_/A (sky130_fd_sc_hd__fa_1)
   0.007    0.092    0.447    1.321 v _5148_/COUT (sky130_fd_sc_hd__fa_1)
            0.092    0.000    1.321 v _2945_/A1 (sky130_fd_sc_hd__a21o_1)
   0.002    0.031    0.165    1.487 v _2945_/X (sky130_fd_sc_hd__a21o_1)
            0.031    0.000    1.487 v _2946_/A2 (sky130_fd_sc_hd__a21oi_1)
   0.007    0.190    0.191    1.677 ^ _2946_/Y (sky130_fd_sc_hd__a21oi_1)
            0.190    0.000    1.677 ^ _2947_/B (sky130_fd_sc_hd__xnor2_1)
   0.007    0.202    0.171    1.849 ^ _2947_/Y (sky130_fd_sc_hd__xnor2_1)
            0.202    0.000    1.849 ^ _5199_/A (sky130_fd_sc_hd__fa_1)
   0.003    0.077    0.419    2.268 v _5199_/SUM (sky130_fd_sc_hd__fa_1)
            0.077    0.000    2.268 v _5293_/B (sky130_fd_sc_hd__ha_1)
   0.012    0.117    0.338    2.606 ^ _5293_/SUM (sky130_fd_sc_hd__ha_1)
            0.117    0.000    2.606 ^ _3211_/A (sky130_fd_sc_hd__nand2_1)
   0.002    0.038    0.053    2.659 v _3211_/Y (sky130_fd_sc_hd__nand2_1)
            0.038    0.000    2.659 v _3213_/A2 (sky130_fd_sc_hd__o21ai_0)
   0.005    0.201    0.184    2.843 ^ _3213_/Y (sky130_fd_sc_hd__o21ai_0)
            0.201    0.000    2.843 ^ _4759_/B (sky130_fd_sc_hd__nor2_1)
   0.004    0.057    0.074    2.917 v _4759_/Y (sky130_fd_sc_hd__nor2_1)
            0.057    0.000    2.917 v _4760_/B (sky130_fd_sc_hd__xnor2_1)
   0.007    0.073    0.144    3.061 v _4760_/Y (sky130_fd_sc_hd__xnor2_1)
            0.073    0.000    3.061 v _5150_/A (sky130_fd_sc_hd__fa_1)
   0.006    0.084    0.561    3.623 ^ _5150_/SUM (sky130_fd_sc_hd__fa_1)
            0.084    0.000    3.623 ^ _5178_/B (sky130_fd_sc_hd__fa_1)
   0.006    0.094    0.437    4.060 v _5178_/SUM (sky130_fd_sc_hd__fa_1)
            0.094    0.000    4.060 v _5168_/B (sky130_fd_sc_hd__fa_1)
   0.006    0.084    0.538    4.598 ^ _5168_/SUM (sky130_fd_sc_hd__fa_1)
            0.084    0.000    4.598 ^ _5114_/B (sky130_fd_sc_hd__fa_1)
   0.006    0.094    0.437    5.035 v _5114_/SUM (sky130_fd_sc_hd__fa_1)
            0.094    0.000    5.035 v _5151_/B (sky130_fd_sc_hd__fa_1)
   0.005    0.071    0.526    5.561 ^ _5151_/SUM (sky130_fd_sc_hd__fa_1)
            0.071    0.000    5.561 ^ _5089_/CIN (sky130_fd_sc_hd__fa_1)
   0.003    0.077    0.406    5.967 v _5089_/SUM (sky130_fd_sc_hd__fa_1)
            0.077    0.000    5.967 v _5297_/B (sky130_fd_sc_hd__ha_1)
   0.005    0.062    0.290    6.258 v _5297_/SUM (sky130_fd_sc_hd__ha_1)
            0.062    0.000    6.258 v _2979_/A1 (sky130_fd_sc_hd__a21o_1)
   0.004    0.042    0.166    6.423 v _2979_/X (sky130_fd_sc_hd__a21o_1)
            0.042    0.000    6.423 v _3077_/A2 (sky130_fd_sc_hd__a21oi_1)
   0.002    0.085    0.118    6.541 ^ _3077_/Y (sky130_fd_sc_hd__a21oi_1)
            0.085    0.000    6.541 ^ _3078_/B1 (sky130_fd_sc_hd__o21ai_0)
   0.011    0.161    0.162    6.703 v _3078_/Y (sky130_fd_sc_hd__o21ai_0)
            0.161    0.000    6.703 v _4728_/A2 (sky130_fd_sc_hd__a211oi_1)
   0.003    0.177    0.258    6.961 ^ _4728_/Y (sky130_fd_sc_hd__a211oi_1)
            0.177    0.000    6.961 ^ _4729_/B (sky130_fd_sc_hd__nor2_1)
   0.002    0.048    0.053    7.014 v _4729_/Y (sky130_fd_sc_hd__nor2_1)
            0.048    0.000    7.014 v u_domain_c.result_out[1]$_DFF_PN0_/D (sky130_fd_sc_hd__dfrtp_1)
                              7.014   data arrival time

            0.000    4.000    4.000   clock clk_dsp (rise edge)
                     0.000    4.000   clock network delay (ideal)
                     0.000    4.000   clock reconvergence pessimism
                              4.000 ^ u_domain_c.result_out[1]$_DFF_PN0_/CLK (sky130_fd_sc_hd__dfrtp_1)
                    -0.126    3.874   library setup time
                              3.874   data required time
---------------------------------------------------------------------------
                              3.874   data required time
                             -7.014   data arrival time
---------------------------------------------------------------------------
                             -3.140   slack (VIOLATED)


Startpoint: u_domain_c.delay[2][1]$_DFFE_PN0N_
            (rising edge-triggered flip-flop clocked by clk_dsp)
Endpoint: u_domain_c.result_out[0]$_DFF_PN0_
          (rising edge-triggered flip-flop clocked by clk_dsp)
Path Group: clk_dsp
Path Type: max

     Cap     Slew    Delay     Time   Description
---------------------------------------------------------------------------
            0.000    0.000    0.000   clock clk_dsp (rise edge)
                     0.000    0.000   clock network delay (ideal)
            0.000    0.000    0.000 ^ u_domain_c.delay[2][1]$_DFFE_PN0N_/CLK (sky130_fd_sc_hd__dfrtp_1)
   0.009    0.069    0.372    0.372 v u_domain_c.delay[2][1]$_DFFE_PN0N_/Q (sky130_fd_sc_hd__dfrtp_1)
            0.069    0.000    0.372 v _5343_/A (sky130_fd_sc_hd__ha_1)
   0.003    0.053    0.293    0.665 v _5343_/SUM (sky130_fd_sc_hd__ha_1)
            0.053    0.000    0.665 v _5364_/B (sky130_fd_sc_hd__ha_1)
   0.009    0.071    0.209    0.875 v _5364_/COUT (sky130_fd_sc_hd__ha_1)
            0.071    0.000    0.875 v _5148_/A (sky130_fd_sc_hd__fa_1)
   0.007    0.092    0.447    1.321 v _5148_/COUT (sky130_fd_sc_hd__fa_1)
            0.092    0.000    1.321 v _2945_/A1 (sky130_fd_sc_hd__a21o_1)
   0.002    0.031    0.165    1.487 v _2945_/X (sky130_fd_sc_hd__a21o_1)
            0.031    0.000    1.487 v _2946_/A2 (sky130_fd_sc_hd__a21oi_1)
   0.007    0.190    0.191    1.677 ^ _2946_/Y (sky130_fd_sc_hd__a21oi_1)
            0.190    0.000    1.677 ^ _2947_/B (sky130_fd_sc_hd__xnor2_1)
   0.007    0.202    0.171    1.849 ^ _2947_/Y (sky130_fd_sc_hd__xnor2_1)
            0.202    0.000    1.849 ^ _5199_/A (sky130_fd_sc_hd__fa_1)
   0.003    0.077    0.419    2.268 v _5199_/SUM (sky130_fd_sc_hd__fa_1)
            0.077    0.000    2.268 v _5293_/B (sky130_fd_sc_hd__ha_1)
   0.012    0.117    0.338    2.606 ^ _5293_/SUM (sky130_fd_sc_hd__ha_1)
            0.117    0.000    2.606 ^ _3211_/A (sky130_fd_sc_hd__nand2_1)
   0.002    0.038    0.053    2.659 v _3211_/Y (sky130_fd_sc_hd__nand2_1)
            0.038    0.000    2.659 v _3213_/A2 (sky130_fd_sc_hd__o21ai_0)
   0.005    0.201    0.184    2.843 ^ _3213_/Y (sky130_fd_sc_hd__o21ai_0)
            0.201    0.000    2.843 ^ _4759_/B (sky130_fd_sc_hd__nor2_1)
   0.004    0.057    0.074    2.917 v _4759_/Y (sky130_fd_sc_hd__nor2_1)
            0.057    0.000    2.917 v _4760_/B (sky130_fd_sc_hd__xnor2_1)
   0.007    0.073    0.144    3.061 v _4760_/Y (sky130_fd_sc_hd__xnor2_1)
            0.073    0.000    3.061 v _5150_/A (sky130_fd_sc_hd__fa_1)
   0.006    0.084    0.561    3.623 ^ _5150_/SUM (sky130_fd_sc_hd__fa_1)
            0.084    0.000    3.623 ^ _5178_/B (sky130_fd_sc_hd__fa_1)
   0.006    0.094    0.437    4.060 v _5178_/SUM (sky130_fd_sc_hd__fa_1)
            0.094    0.000    4.060 v _5168_/B (sky130_fd_sc_hd__fa_1)
   0.006    0.084    0.538    4.598 ^ _5168_/SUM (sky130_fd_sc_hd__fa_1)
            0.084    0.000    4.598 ^ _5114_/B (sky130_fd_sc_hd__fa_1)
   0.006    0.094    0.437    5.035 v _5114_/SUM (sky130_fd_sc_hd__fa_1)
            0.094    0.000    5.035 v _5151_/B (sky130_fd_sc_hd__fa_1)
   0.005    0.071    0.526    5.561 ^ _5151_/SUM (sky130_fd_sc_hd__fa_1)
            0.071    0.000    5.561 ^ _5089_/CIN (sky130_fd_sc_hd__fa_1)
   0.003    0.077    0.406    5.967 v _5089_/SUM (sky130_fd_sc_hd__fa_1)
            0.077    0.000    5.967 v _5297_/B (sky130_fd_sc_hd__ha_1)
   0.005    0.062    0.290    6.258 v _5297_/SUM (sky130_fd_sc_hd__ha_1)
            0.062    0.000    6.258 v _2979_/A1 (sky130_fd_sc_hd__a21o_1)
   0.004    0.042    0.166    6.423 v _2979_/X (sky130_fd_sc_hd__a21o_1)
            0.042    0.000    6.423 v _3077_/A2 (sky130_fd_sc_hd__a21oi_1)
   0.002    0.085    0.118    6.541 ^ _3077_/Y (sky130_fd_sc_hd__a21oi_1)
            0.085    0.000    6.541 ^ _3078_/B1 (sky130_fd_sc_hd__o21ai_0)
   0.011    0.161    0.162    6.703 v _3078_/Y (sky130_fd_sc_hd__o21ai_0)
            0.161    0.000    6.703 v _4726_/B (sky130_fd_sc_hd__xor2_1)
   0.002    0.090    0.176    6.878 v _4726_/X (sky130_fd_sc_hd__xor2_1)
            0.090    0.000    6.878 v u_domain_c.result_out[0]$_DFF_PN0_/D (sky130_fd_sc_hd__dfrtp_1)
                              6.878   data arrival time

            0.000    4.000    4.000   clock clk_dsp (rise edge)
                     0.000    4.000   clock network delay (ideal)
                     0.000    4.000   clock reconvergence pessimism
                              4.000 ^ u_domain_c.result_out[0]$_DFF_PN0_/CLK (sky130_fd_sc_hd__dfrtp_1)
                    -0.144    3.856   library setup time
                              3.856   data required time
---------------------------------------------------------------------------
                              3.856   data required time
                             -6.878   data arrival time
---------------------------------------------------------------------------
                             -3.023   slack (VIOLATED)


Startpoint: u_fifo_c_to_d.wr_ptr_bin[1]$_DFFE_PN0P_
            (rising edge-triggered flip-flop clocked by clk_dsp)
Endpoint: u_fifo_c_to_d.mem[10][0]$_DFFE_PP_
          (rising edge-triggered flip-flop clocked by clk_dsp)
Path Group: clk_dsp
Path Type: max

     Cap     Slew    Delay     Time   Description
---------------------------------------------------------------------------
            0.000    0.000    0.000   clock clk_dsp (rise edge)
                     0.000    0.000   clock network delay (ideal)
            0.000    0.000    0.000 ^ u_fifo_c_to_d.wr_ptr_bin[1]$_DFFE_PN0P_/CLK (sky130_fd_sc_hd__dfrtp_1)
   0.018    0.105    0.407    0.407 v u_fifo_c_to_d.wr_ptr_bin[1]$_DFFE_PN0P_/Q (sky130_fd_sc_hd__dfrtp_1)
            0.105    0.000    0.407 v _5423_/B (sky130_fd_sc_hd__ha_1)
   0.006    0.059    0.218    0.626 v _5423_/COUT (sky130_fd_sc_hd__ha_1)
            0.059    0.000    0.626 v _4322_/A2 (sky130_fd_sc_hd__a21bo_2)
   0.002    0.033    0.208    0.833 v _4322_/X (sky130_fd_sc_hd__a21bo_2)
            0.033    0.000    0.833 v _4326_/B1 (sky130_fd_sc_hd__a221oi_1)
   0.008    0.384    0.350    1.183 ^ _4326_/Y (sky130_fd_sc_hd__a221oi_1)
            0.384    0.000    1.183 ^ _4348_/C (sky130_fd_sc_hd__xor3_1)
   0.002    0.072    0.278    1.461 v _4348_/X (sky130_fd_sc_hd__xor3_1)
            0.072    0.000    1.461 v _4349_/C1 (sky130_fd_sc_hd__o211ai_1)
   0.010    0.275    0.142    1.603 ^ _4349_/Y (sky130_fd_sc_hd__o211ai_1)
            0.275    0.000    1.603 ^ _4350_/B (sky130_fd_sc_hd__nand2_1)
   0.013    0.122    0.166    1.769 v _4350_/Y (sky130_fd_sc_hd__nand2_1)
            0.122    0.000    1.769 v _4962_/A (sky130_fd_sc_hd__buf_2)
   0.022    0.065    0.193    1.962 v _4962_/X (sky130_fd_sc_hd__buf_2)
            0.065    0.000    1.962 v _4966_/B (sky130_fd_sc_hd__nor3_1)
   0.027    0.798    0.654    2.616 ^ _4966_/Y (sky130_fd_sc_hd__nor3_1)
            0.798    0.000    2.616 ^ u_fifo_c_to_d.mem[10][0]$_DFFE_PP_/DE (sky130_fd_sc_hd__edfxtp_1)
                              2.616   data arrival time

            0.000    4.000    4.000   clock clk_dsp (rise edge)
                     0.000    4.000   clock network delay (ideal)
                     0.000    4.000   clock reconvergence pessimism
                              4.000 ^ u_fifo_c_to_d.mem[10][0]$_DFFE_PP_/CLK (sky130_fd_sc_hd__edfxtp_1)
                    -0.383    3.617   library setup time
                              3.617   data required time
---------------------------------------------------------------------------
                              3.617   data required time
                             -2.616   data arrival time
---------------------------------------------------------------------------
                              1.001   slack (MET)


Startpoint: u_fifo_c_to_d.wr_ptr_bin[1]$_DFFE_PN0P_
            (rising edge-triggered flip-flop clocked by clk_dsp)
Endpoint: u_fifo_c_to_d.mem[10][1]$_DFFE_PP_
          (rising edge-triggered flip-flop clocked by clk_dsp)
Path Group: clk_dsp
Path Type: max

     Cap     Slew    Delay     Time   Description
---------------------------------------------------------------------------
            0.000    0.000    0.000   clock clk_dsp (rise edge)
                     0.000    0.000   clock network delay (ideal)
            0.000    0.000    0.000 ^ u_fifo_c_to_d.wr_ptr_bin[1]$_DFFE_PN0P_/CLK (sky130_fd_sc_hd__dfrtp_1)
   0.018    0.105    0.407    0.407 v u_fifo_c_to_d.wr_ptr_bin[1]$_DFFE_PN0P_/Q (sky130_fd_sc_hd__dfrtp_1)
            0.105    0.000    0.407 v _5423_/B (sky130_fd_sc_hd__ha_1)
   0.006    0.059    0.218    0.626 v _5423_/COUT (sky130_fd_sc_hd__ha_1)
            0.059    0.000    0.626 v _4322_/A2 (sky130_fd_sc_hd__a21bo_2)
   0.002    0.033    0.208    0.833 v _4322_/X (sky130_fd_sc_hd__a21bo_2)
            0.033    0.000    0.833 v _4326_/B1 (sky130_fd_sc_hd__a221oi_1)
   0.008    0.384    0.350    1.183 ^ _4326_/Y (sky130_fd_sc_hd__a221oi_1)
            0.384    0.000    1.183 ^ _4348_/C (sky130_fd_sc_hd__xor3_1)
   0.002    0.072    0.278    1.461 v _4348_/X (sky130_fd_sc_hd__xor3_1)
            0.072    0.000    1.461 v _4349_/C1 (sky130_fd_sc_hd__o211ai_1)
   0.010    0.275    0.142    1.603 ^ _4349_/Y (sky130_fd_sc_hd__o211ai_1)
            0.275    0.000    1.603 ^ _4350_/B (sky130_fd_sc_hd__nand2_1)
   0.013    0.122    0.166    1.769 v _4350_/Y (sky130_fd_sc_hd__nand2_1)
            0.122    0.000    1.769 v _4962_/A (sky130_fd_sc_hd__buf_2)
   0.022    0.065    0.193    1.962 v _4962_/X (sky130_fd_sc_hd__buf_2)
            0.065    0.000    1.962 v _4966_/B (sky130_fd_sc_hd__nor3_1)
   0.027    0.798    0.654    2.616 ^ _4966_/Y (sky130_fd_sc_hd__nor3_1)
            0.798    0.000    2.616 ^ u_fifo_c_to_d.mem[10][1]$_DFFE_PP_/DE (sky130_fd_sc_hd__edfxtp_1)
                              2.616   data arrival time

            0.000    4.000    4.000   clock clk_dsp (rise edge)
                     0.000    4.000   clock network delay (ideal)
                     0.000    4.000   clock reconvergence pessimism
                              4.000 ^ u_fifo_c_to_d.mem[10][1]$_DFFE_PP_/CLK (sky130_fd_sc_hd__edfxtp_1)
                    -0.383    3.617   library setup time
                              3.617   data required time
---------------------------------------------------------------------------
                              3.617   data required time
                             -2.616   data arrival time
---------------------------------------------------------------------------
                              1.001   slack (MET)


Startpoint: u_fifo_b_to_c.wr_ptr_bin[1]$_DFFE_PN0P_
            (rising edge-triggered flip-flop clocked by clk_mem)
Endpoint: u_fifo_b_to_c.mem[0][0]$_DFFE_PP_
          (rising edge-triggered flip-flop clocked by clk_mem)
Path Group: clk_mem
Path Type: max

     Cap     Slew    Delay     Time   Description
---------------------------------------------------------------------------
            0.000    0.000    0.000   clock clk_mem (rise edge)
                     0.000    0.000   clock network delay (ideal)
            0.000    0.000    0.000 ^ u_fifo_b_to_c.wr_ptr_bin[1]$_DFFE_PN0P_/CLK (sky130_fd_sc_hd__dfrtp_1)
   0.019    0.111    0.413    0.413 v u_fifo_b_to_c.wr_ptr_bin[1]$_DFFE_PN0P_/Q (sky130_fd_sc_hd__dfrtp_1)
            0.111    0.000    0.413 v _5320_/B (sky130_fd_sc_hd__ha_1)
   0.002    0.036    0.193    0.606 v _5320_/COUT (sky130_fd_sc_hd__ha_1)
            0.036    0.000    0.606 v _4157_/A (sky130_fd_sc_hd__buf_2)
   0.022    0.065    0.154    0.760 v _4157_/X (sky130_fd_sc_hd__buf_2)
            0.065    0.000    0.760 v _4160_/A2 (sky130_fd_sc_hd__a21bo_2)
   0.002    0.033    0.210    0.971 v _4160_/X (sky130_fd_sc_hd__a21bo_2)
            0.033    0.000    0.971 v _4164_/B1 (sky130_fd_sc_hd__a221oi_1)
   0.008    0.380    0.347    1.317 ^ _4164_/Y (sky130_fd_sc_hd__a221oi_1)
            0.380    0.000    1.317 ^ _4181_/C (sky130_fd_sc_hd__xor3_1)
   0.002    0.072    0.278    1.595 v _4181_/X (sky130_fd_sc_hd__xor3_1)
            0.072    0.000    1.595 v _4186_/C1 (sky130_fd_sc_hd__o2111ai_1)
   0.010    0.295    0.151    1.746 ^ _4186_/Y (sky130_fd_sc_hd__o2111ai_1)
            0.295    0.000    1.746 ^ _4187_/B (sky130_fd_sc_hd__nand2_1)
   0.013    0.125    0.170    1.916 v _4187_/Y (sky130_fd_sc_hd__nand2_1)
            0.125    0.000    1.916 v _4188_/A (sky130_fd_sc_hd__buf_4)
   0.027    0.053    0.197    2.113 v _4188_/X (sky130_fd_sc_hd__buf_4)
            0.053    0.000    2.113 v _5032_/C (sky130_fd_sc_hd__nor4_1)
   0.027    1.115    0.895    3.008 ^ _5032_/Y (sky130_fd_sc_hd__nor4_1)
            1.115    0.000    3.008 ^ u_fifo_b_to_c.mem[0][0]$_DFFE_PP_/DE (sky130_fd_sc_hd__edfxtp_1)
                              3.008   data arrival time

            0.000    5.000    5.000   clock clk_mem (rise edge)
                     0.000    5.000   clock network delay (ideal)
                     0.000    5.000   clock reconvergence pessimism
                              5.000 ^ u_fifo_b_to_c.mem[0][0]$_DFFE_PP_/CLK (sky130_fd_sc_hd__edfxtp_1)
                    -0.395    4.605   library setup time
                              4.605   data required time
---------------------------------------------------------------------------
                              4.605   data required time
                             -3.008   data arrival time
---------------------------------------------------------------------------
                              1.598   slack (MET)


Startpoint: u_fifo_b_to_c.wr_ptr_bin[1]$_DFFE_PN0P_
            (rising edge-triggered flip-flop clocked by clk_mem)
Endpoint: u_fifo_b_to_c.mem[0][1]$_DFFE_PP_
          (rising edge-triggered flip-flop clocked by clk_mem)
Path Group: clk_mem
Path Type: max

     Cap     Slew    Delay     Time   Description
---------------------------------------------------------------------------
            0.000    0.000    0.000   clock clk_mem (rise edge)
                     0.000    0.000   clock network delay (ideal)
            0.000    0.000    0.000 ^ u_fifo_b_to_c.wr_ptr_bin[1]$_DFFE_PN0P_/CLK (sky130_fd_sc_hd__dfrtp_1)
   0.019    0.111    0.413    0.413 v u_fifo_b_to_c.wr_ptr_bin[1]$_DFFE_PN0P_/Q (sky130_fd_sc_hd__dfrtp_1)
            0.111    0.000    0.413 v _5320_/B (sky130_fd_sc_hd__ha_1)
   0.002    0.036    0.193    0.606 v _5320_/COUT (sky130_fd_sc_hd__ha_1)
            0.036    0.000    0.606 v _4157_/A (sky130_fd_sc_hd__buf_2)
   0.022    0.065    0.154    0.760 v _4157_/X (sky130_fd_sc_hd__buf_2)
            0.065    0.000    0.760 v _4160_/A2 (sky130_fd_sc_hd__a21bo_2)
   0.002    0.033    0.210    0.971 v _4160_/X (sky130_fd_sc_hd__a21bo_2)
            0.033    0.000    0.971 v _4164_/B1 (sky130_fd_sc_hd__a221oi_1)
   0.008    0.380    0.347    1.317 ^ _4164_/Y (sky130_fd_sc_hd__a221oi_1)
            0.380    0.000    1.317 ^ _4181_/C (sky130_fd_sc_hd__xor3_1)
   0.002    0.072    0.278    1.595 v _4181_/X (sky130_fd_sc_hd__xor3_1)
            0.072    0.000    1.595 v _4186_/C1 (sky130_fd_sc_hd__o2111ai_1)
   0.010    0.295    0.151    1.746 ^ _4186_/Y (sky130_fd_sc_hd__o2111ai_1)
            0.295    0.000    1.746 ^ _4187_/B (sky130_fd_sc_hd__nand2_1)
   0.013    0.125    0.170    1.916 v _4187_/Y (sky130_fd_sc_hd__nand2_1)
            0.125    0.000    1.916 v _4188_/A (sky130_fd_sc_hd__buf_4)
   0.027    0.053    0.197    2.113 v _4188_/X (sky130_fd_sc_hd__buf_4)
            0.053    0.000    2.113 v _5032_/C (sky130_fd_sc_hd__nor4_1)
   0.027    1.115    0.895    3.008 ^ _5032_/Y (sky130_fd_sc_hd__nor4_1)
            1.115    0.000    3.008 ^ u_fifo_b_to_c.mem[0][1]$_DFFE_PP_/DE (sky130_fd_sc_hd__edfxtp_1)
                              3.008   data arrival time

            0.000    5.000    5.000   clock clk_mem (rise edge)
                     0.000    5.000   clock network delay (ideal)
                     0.000    5.000   clock reconvergence pessimism
                              5.000 ^ u_fifo_b_to_c.mem[0][1]$_DFFE_PP_/CLK (sky130_fd_sc_hd__edfxtp_1)
                    -0.395    4.605   library setup time
                              4.605   data required time
---------------------------------------------------------------------------
                              4.605   data required time
                             -3.008   data arrival time
---------------------------------------------------------------------------
                              1.598   slack (MET)


Startpoint: u_fifo_b_to_c.wr_ptr_bin[1]$_DFFE_PN0P_
            (rising edge-triggered flip-flop clocked by clk_mem)
Endpoint: u_fifo_b_to_c.mem[0][2]$_DFFE_PP_
          (rising edge-triggered flip-flop clocked by clk_mem)
Path Group: clk_mem
Path Type: max

     Cap     Slew    Delay     Time   Description
---------------------------------------------------------------------------
            0.000    0.000    0.000   clock clk_mem (rise edge)
                     0.000    0.000   clock network delay (ideal)
            0.000    0.000    0.000 ^ u_fifo_b_to_c.wr_ptr_bin[1]$_DFFE_PN0P_/CLK (sky130_fd_sc_hd__dfrtp_1)
   0.019    0.111    0.413    0.413 v u_fifo_b_to_c.wr_ptr_bin[1]$_DFFE_PN0P_/Q (sky130_fd_sc_hd__dfrtp_1)
            0.111    0.000    0.413 v _5320_/B (sky130_fd_sc_hd__ha_1)
   0.002    0.036    0.193    0.606 v _5320_/COUT (sky130_fd_sc_hd__ha_1)
            0.036    0.000    0.606 v _4157_/A (sky130_fd_sc_hd__buf_2)
   0.022    0.065    0.154    0.760 v _4157_/X (sky130_fd_sc_hd__buf_2)
            0.065    0.000    0.760 v _4160_/A2 (sky130_fd_sc_hd__a21bo_2)
   0.002    0.033    0.210    0.971 v _4160_/X (sky130_fd_sc_hd__a21bo_2)
            0.033    0.000    0.971 v _4164_/B1 (sky130_fd_sc_hd__a221oi_1)
   0.008    0.380    0.347    1.317 ^ _4164_/Y (sky130_fd_sc_hd__a221oi_1)
            0.380    0.000    1.317 ^ _4181_/C (sky130_fd_sc_hd__xor3_1)
   0.002    0.072    0.278    1.595 v _4181_/X (sky130_fd_sc_hd__xor3_1)
            0.072    0.000    1.595 v _4186_/C1 (sky130_fd_sc_hd__o2111ai_1)
   0.010    0.295    0.151    1.746 ^ _4186_/Y (sky130_fd_sc_hd__o2111ai_1)
            0.295    0.000    1.746 ^ _4187_/B (sky130_fd_sc_hd__nand2_1)
   0.013    0.125    0.170    1.916 v _4187_/Y (sky130_fd_sc_hd__nand2_1)
            0.125    0.000    1.916 v _4188_/A (sky130_fd_sc_hd__buf_4)
   0.027    0.053    0.197    2.113 v _4188_/X (sky130_fd_sc_hd__buf_4)
            0.053    0.000    2.113 v _5032_/C (sky130_fd_sc_hd__nor4_1)
   0.027    1.115    0.895    3.008 ^ _5032_/Y (sky130_fd_sc_hd__nor4_1)
            1.115    0.000    3.008 ^ u_fifo_b_to_c.mem[0][2]$_DFFE_PP_/DE (sky130_fd_sc_hd__edfxtp_1)
                              3.008   data arrival time

            0.000    5.000    5.000   clock clk_mem (rise edge)
                     0.000    5.000   clock network delay (ideal)
                     0.000    5.000   clock reconvergence pessimism
                              5.000 ^ u_fifo_b_to_c.mem[0][2]$_DFFE_PP_/CLK (sky130_fd_sc_hd__edfxtp_1)
                    -0.395    4.605   library setup time
                              4.605   data required time
---------------------------------------------------------------------------
                              4.605   data required time
                             -3.008   data arrival time
---------------------------------------------------------------------------
                              1.598   slack (MET)


Startpoint: u_fifo_b_to_c.wr_ptr_bin[1]$_DFFE_PN0P_
            (rising edge-triggered flip-flop clocked by clk_mem)
Endpoint: u_fifo_b_to_c.mem[0][3]$_DFFE_PP_
          (rising edge-triggered flip-flop clocked by clk_mem)
Path Group: clk_mem
Path Type: max

     Cap     Slew    Delay     Time   Description
---------------------------------------------------------------------------
            0.000    0.000    0.000   clock clk_mem (rise edge)
                     0.000    0.000   clock network delay (ideal)
            0.000    0.000    0.000 ^ u_fifo_b_to_c.wr_ptr_bin[1]$_DFFE_PN0P_/CLK (sky130_fd_sc_hd__dfrtp_1)
   0.019    0.111    0.413    0.413 v u_fifo_b_to_c.wr_ptr_bin[1]$_DFFE_PN0P_/Q (sky130_fd_sc_hd__dfrtp_1)
            0.111    0.000    0.413 v _5320_/B (sky130_fd_sc_hd__ha_1)
   0.002    0.036    0.193    0.606 v _5320_/COUT (sky130_fd_sc_hd__ha_1)
            0.036    0.000    0.606 v _4157_/A (sky130_fd_sc_hd__buf_2)
   0.022    0.065    0.154    0.760 v _4157_/X (sky130_fd_sc_hd__buf_2)
            0.065    0.000    0.760 v _4160_/A2 (sky130_fd_sc_hd__a21bo_2)
   0.002    0.033    0.210    0.971 v _4160_/X (sky130_fd_sc_hd__a21bo_2)
            0.033    0.000    0.971 v _4164_/B1 (sky130_fd_sc_hd__a221oi_1)
   0.008    0.380    0.347    1.317 ^ _4164_/Y (sky130_fd_sc_hd__a221oi_1)
            0.380    0.000    1.317 ^ _4181_/C (sky130_fd_sc_hd__xor3_1)
   0.002    0.072    0.278    1.595 v _4181_/X (sky130_fd_sc_hd__xor3_1)
            0.072    0.000    1.595 v _4186_/C1 (sky130_fd_sc_hd__o2111ai_1)
   0.010    0.295    0.151    1.746 ^ _4186_/Y (sky130_fd_sc_hd__o2111ai_1)
            0.295    0.000    1.746 ^ _4187_/B (sky130_fd_sc_hd__nand2_1)
   0.013    0.125    0.170    1.916 v _4187_/Y (sky130_fd_sc_hd__nand2_1)
            0.125    0.000    1.916 v _4188_/A (sky130_fd_sc_hd__buf_4)
   0.027    0.053    0.197    2.113 v _4188_/X (sky130_fd_sc_hd__buf_4)
            0.053    0.000    2.113 v _5032_/C (sky130_fd_sc_hd__nor4_1)
   0.027    1.115    0.895    3.008 ^ _5032_/Y (sky130_fd_sc_hd__nor4_1)
            1.115    0.000    3.008 ^ u_fifo_b_to_c.mem[0][3]$_DFFE_PP_/DE (sky130_fd_sc_hd__edfxtp_1)
                              3.008   data arrival time

            0.000    5.000    5.000   clock clk_mem (rise edge)
                     0.000    5.000   clock network delay (ideal)
                     0.000    5.000   clock reconvergence pessimism
                              5.000 ^ u_fifo_b_to_c.mem[0][3]$_DFFE_PP_/CLK (sky130_fd_sc_hd__edfxtp_1)
                    -0.395    4.605   library setup time
                              4.605   data required time
---------------------------------------------------------------------------
                              4.605   data required time
                             -3.008   data arrival time
---------------------------------------------------------------------------
                              1.598   slack (MET)


Startpoint: u_fifo_b_to_c.wr_ptr_bin[1]$_DFFE_PN0P_
            (rising edge-triggered flip-flop clocked by clk_mem)
Endpoint: u_fifo_b_to_c.mem[0][4]$_DFFE_PP_
          (rising edge-triggered flip-flop clocked by clk_mem)
Path Group: clk_mem
Path Type: max

     Cap     Slew    Delay     Time   Description
---------------------------------------------------------------------------
            0.000    0.000    0.000   clock clk_mem (rise edge)
                     0.000    0.000   clock network delay (ideal)
            0.000    0.000    0.000 ^ u_fifo_b_to_c.wr_ptr_bin[1]$_DFFE_PN0P_/CLK (sky130_fd_sc_hd__dfrtp_1)
   0.019    0.111    0.413    0.413 v u_fifo_b_to_c.wr_ptr_bin[1]$_DFFE_PN0P_/Q (sky130_fd_sc_hd__dfrtp_1)
            0.111    0.000    0.413 v _5320_/B (sky130_fd_sc_hd__ha_1)
   0.002    0.036    0.193    0.606 v _5320_/COUT (sky130_fd_sc_hd__ha_1)
            0.036    0.000    0.606 v _4157_/A (sky130_fd_sc_hd__buf_2)
   0.022    0.065    0.154    0.760 v _4157_/X (sky130_fd_sc_hd__buf_2)
            0.065    0.000    0.760 v _4160_/A2 (sky130_fd_sc_hd__a21bo_2)
   0.002    0.033    0.210    0.971 v _4160_/X (sky130_fd_sc_hd__a21bo_2)
            0.033    0.000    0.971 v _4164_/B1 (sky130_fd_sc_hd__a221oi_1)
   0.008    0.380    0.347    1.317 ^ _4164_/Y (sky130_fd_sc_hd__a221oi_1)
            0.380    0.000    1.317 ^ _4181_/C (sky130_fd_sc_hd__xor3_1)
   0.002    0.072    0.278    1.595 v _4181_/X (sky130_fd_sc_hd__xor3_1)
            0.072    0.000    1.595 v _4186_/C1 (sky130_fd_sc_hd__o2111ai_1)
   0.010    0.295    0.151    1.746 ^ _4186_/Y (sky130_fd_sc_hd__o2111ai_1)
            0.295    0.000    1.746 ^ _4187_/B (sky130_fd_sc_hd__nand2_1)
   0.013    0.125    0.170    1.916 v _4187_/Y (sky130_fd_sc_hd__nand2_1)
            0.125    0.000    1.916 v _4188_/A (sky130_fd_sc_hd__buf_4)
   0.027    0.053    0.197    2.113 v _4188_/X (sky130_fd_sc_hd__buf_4)
            0.053    0.000    2.113 v _5032_/C (sky130_fd_sc_hd__nor4_1)
   0.027    1.115    0.895    3.008 ^ _5032_/Y (sky130_fd_sc_hd__nor4_1)
            1.115    0.000    3.008 ^ u_fifo_b_to_c.mem[0][4]$_DFFE_PP_/DE (sky130_fd_sc_hd__edfxtp_1)
                              3.008   data arrival time

            0.000    5.000    5.000   clock clk_mem (rise edge)
                     0.000    5.000   clock network delay (ideal)
                     0.000    5.000   clock reconvergence pessimism
                              5.000 ^ u_fifo_b_to_c.mem[0][4]$_DFFE_PP_/CLK (sky130_fd_sc_hd__edfxtp_1)
                    -0.395    4.605   library setup time
                              4.605   data required time
---------------------------------------------------------------------------
                              4.605   data required time
                             -3.008   data arrival time
---------------------------------------------------------------------------
                              1.598   slack (MET)


Startpoint: u_fifo_b_to_c.wr_ptr_bin[1]$_DFFE_PN0P_
            (rising edge-triggered flip-flop clocked by clk_mem)
Endpoint: u_fifo_b_to_c.mem[0][5]$_DFFE_PP_
          (rising edge-triggered flip-flop clocked by clk_mem)
Path Group: clk_mem
Path Type: max

     Cap     Slew    Delay     Time   Description
---------------------------------------------------------------------------
            0.000    0.000    0.000   clock clk_mem (rise edge)
                     0.000    0.000   clock network delay (ideal)
            0.000    0.000    0.000 ^ u_fifo_b_to_c.wr_ptr_bin[1]$_DFFE_PN0P_/CLK (sky130_fd_sc_hd__dfrtp_1)
   0.019    0.111    0.413    0.413 v u_fifo_b_to_c.wr_ptr_bin[1]$_DFFE_PN0P_/Q (sky130_fd_sc_hd__dfrtp_1)
            0.111    0.000    0.413 v _5320_/B (sky130_fd_sc_hd__ha_1)
   0.002    0.036    0.193    0.606 v _5320_/COUT (sky130_fd_sc_hd__ha_1)
            0.036    0.000    0.606 v _4157_/A (sky130_fd_sc_hd__buf_2)
   0.022    0.065    0.154    0.760 v _4157_/X (sky130_fd_sc_hd__buf_2)
            0.065    0.000    0.760 v _4160_/A2 (sky130_fd_sc_hd__a21bo_2)
   0.002    0.033    0.210    0.971 v _4160_/X (sky130_fd_sc_hd__a21bo_2)
            0.033    0.000    0.971 v _4164_/B1 (sky130_fd_sc_hd__a221oi_1)
   0.008    0.380    0.347    1.317 ^ _4164_/Y (sky130_fd_sc_hd__a221oi_1)
            0.380    0.000    1.317 ^ _4181_/C (sky130_fd_sc_hd__xor3_1)
   0.002    0.072    0.278    1.595 v _4181_/X (sky130_fd_sc_hd__xor3_1)
            0.072    0.000    1.595 v _4186_/C1 (sky130_fd_sc_hd__o2111ai_1)
   0.010    0.295    0.151    1.746 ^ _4186_/Y (sky130_fd_sc_hd__o2111ai_1)
            0.295    0.000    1.746 ^ _4187_/B (sky130_fd_sc_hd__nand2_1)
   0.013    0.125    0.170    1.916 v _4187_/Y (sky130_fd_sc_hd__nand2_1)
            0.125    0.000    1.916 v _4188_/A (sky130_fd_sc_hd__buf_4)
   0.027    0.053    0.197    2.113 v _4188_/X (sky130_fd_sc_hd__buf_4)
            0.053    0.000    2.113 v _5032_/C (sky130_fd_sc_hd__nor4_1)
   0.027    1.115    0.895    3.008 ^ _5032_/Y (sky130_fd_sc_hd__nor4_1)
            1.115    0.000    3.008 ^ u_fifo_b_to_c.mem[0][5]$_DFFE_PP_/DE (sky130_fd_sc_hd__edfxtp_1)
                              3.008   data arrival time

            0.000    5.000    5.000   clock clk_mem (rise edge)
                     0.000    5.000   clock network delay (ideal)
                     0.000    5.000   clock reconvergence pessimism
                              5.000 ^ u_fifo_b_to_c.mem[0][5]$_DFFE_PP_/CLK (sky130_fd_sc_hd__edfxtp_1)
                    -0.395    4.605   library setup time
                              4.605   data required time
---------------------------------------------------------------------------
                              4.605   data required time
                             -3.008   data arrival time
---------------------------------------------------------------------------
                              1.598   slack (MET)


Startpoint: u_fifo_b_to_c.wr_ptr_bin[1]$_DFFE_PN0P_
            (rising edge-triggered flip-flop clocked by clk_mem)
Endpoint: u_fifo_b_to_c.mem[0][6]$_DFFE_PP_
          (rising edge-triggered flip-flop clocked by clk_mem)
Path Group: clk_mem
Path Type: max

     Cap     Slew    Delay     Time   Description
---------------------------------------------------------------------------
            0.000    0.000    0.000   clock clk_mem (rise edge)
                     0.000    0.000   clock network delay (ideal)
            0.000    0.000    0.000 ^ u_fifo_b_to_c.wr_ptr_bin[1]$_DFFE_PN0P_/CLK (sky130_fd_sc_hd__dfrtp_1)
   0.019    0.111    0.413    0.413 v u_fifo_b_to_c.wr_ptr_bin[1]$_DFFE_PN0P_/Q (sky130_fd_sc_hd__dfrtp_1)
            0.111    0.000    0.413 v _5320_/B (sky130_fd_sc_hd__ha_1)
   0.002    0.036    0.193    0.606 v _5320_/COUT (sky130_fd_sc_hd__ha_1)
            0.036    0.000    0.606 v _4157_/A (sky130_fd_sc_hd__buf_2)
   0.022    0.065    0.154    0.760 v _4157_/X (sky130_fd_sc_hd__buf_2)
            0.065    0.000    0.760 v _4160_/A2 (sky130_fd_sc_hd__a21bo_2)
   0.002    0.033    0.210    0.971 v _4160_/X (sky130_fd_sc_hd__a21bo_2)
            0.033    0.000    0.971 v _4164_/B1 (sky130_fd_sc_hd__a221oi_1)
   0.008    0.380    0.347    1.317 ^ _4164_/Y (sky130_fd_sc_hd__a221oi_1)
            0.380    0.000    1.317 ^ _4181_/C (sky130_fd_sc_hd__xor3_1)
   0.002    0.072    0.278    1.595 v _4181_/X (sky130_fd_sc_hd__xor3_1)
            0.072    0.000    1.595 v _4186_/C1 (sky130_fd_sc_hd__o2111ai_1)
   0.010    0.295    0.151    1.746 ^ _4186_/Y (sky130_fd_sc_hd__o2111ai_1)
            0.295    0.000    1.746 ^ _4187_/B (sky130_fd_sc_hd__nand2_1)
   0.013    0.125    0.170    1.916 v _4187_/Y (sky130_fd_sc_hd__nand2_1)
            0.125    0.000    1.916 v _4188_/A (sky130_fd_sc_hd__buf_4)
   0.027    0.053    0.197    2.113 v _4188_/X (sky130_fd_sc_hd__buf_4)
            0.053    0.000    2.113 v _5032_/C (sky130_fd_sc_hd__nor4_1)
   0.027    1.115    0.895    3.008 ^ _5032_/Y (sky130_fd_sc_hd__nor4_1)
            1.115    0.000    3.008 ^ u_fifo_b_to_c.mem[0][6]$_DFFE_PP_/DE (sky130_fd_sc_hd__edfxtp_1)
                              3.008   data arrival time

            0.000    5.000    5.000   clock clk_mem (rise edge)
                     0.000    5.000   clock network delay (ideal)
                     0.000    5.000   clock reconvergence pessimism
                              5.000 ^ u_fifo_b_to_c.mem[0][6]$_DFFE_PP_/CLK (sky130_fd_sc_hd__edfxtp_1)
                    -0.395    4.605   library setup time
                              4.605   data required time
---------------------------------------------------------------------------
                              4.605   data required time
                             -3.008   data arrival time
---------------------------------------------------------------------------
                              1.598   slack (MET)


Startpoint: u_fifo_b_to_c.wr_ptr_bin[1]$_DFFE_PN0P_
            (rising edge-triggered flip-flop clocked by clk_mem)
Endpoint: u_fifo_b_to_c.mem[0][7]$_DFFE_PP_
          (rising edge-triggered flip-flop clocked by clk_mem)
Path Group: clk_mem
Path Type: max

     Cap     Slew    Delay     Time   Description
---------------------------------------------------------------------------
            0.000    0.000    0.000   clock clk_mem (rise edge)
                     0.000    0.000   clock network delay (ideal)
            0.000    0.000    0.000 ^ u_fifo_b_to_c.wr_ptr_bin[1]$_DFFE_PN0P_/CLK (sky130_fd_sc_hd__dfrtp_1)
   0.019    0.111    0.413    0.413 v u_fifo_b_to_c.wr_ptr_bin[1]$_DFFE_PN0P_/Q (sky130_fd_sc_hd__dfrtp_1)
            0.111    0.000    0.413 v _5320_/B (sky130_fd_sc_hd__ha_1)
   0.002    0.036    0.193    0.606 v _5320_/COUT (sky130_fd_sc_hd__ha_1)
            0.036    0.000    0.606 v _4157_/A (sky130_fd_sc_hd__buf_2)
   0.022    0.065    0.154    0.760 v _4157_/X (sky130_fd_sc_hd__buf_2)
            0.065    0.000    0.760 v _4160_/A2 (sky130_fd_sc_hd__a21bo_2)
   0.002    0.033    0.210    0.971 v _4160_/X (sky130_fd_sc_hd__a21bo_2)
            0.033    0.000    0.971 v _4164_/B1 (sky130_fd_sc_hd__a221oi_1)
   0.008    0.380    0.347    1.317 ^ _4164_/Y (sky130_fd_sc_hd__a221oi_1)
            0.380    0.000    1.317 ^ _4181_/C (sky130_fd_sc_hd__xor3_1)
   0.002    0.072    0.278    1.595 v _4181_/X (sky130_fd_sc_hd__xor3_1)
            0.072    0.000    1.595 v _4186_/C1 (sky130_fd_sc_hd__o2111ai_1)
   0.010    0.295    0.151    1.746 ^ _4186_/Y (sky130_fd_sc_hd__o2111ai_1)
            0.295    0.000    1.746 ^ _4187_/B (sky130_fd_sc_hd__nand2_1)
   0.013    0.125    0.170    1.916 v _4187_/Y (sky130_fd_sc_hd__nand2_1)
            0.125    0.000    1.916 v _4188_/A (sky130_fd_sc_hd__buf_4)
   0.027    0.053    0.197    2.113 v _4188_/X (sky130_fd_sc_hd__buf_4)
            0.053    0.000    2.113 v _5032_/C (sky130_fd_sc_hd__nor4_1)
   0.027    1.115    0.895    3.008 ^ _5032_/Y (sky130_fd_sc_hd__nor4_1)
            1.115    0.000    3.008 ^ u_fifo_b_to_c.mem[0][7]$_DFFE_PP_/DE (sky130_fd_sc_hd__edfxtp_1)
                              3.008   data arrival time

            0.000    5.000    5.000   clock clk_mem (rise edge)
                     0.000    5.000   clock network delay (ideal)
                     0.000    5.000   clock reconvergence pessimism
                              5.000 ^ u_fifo_b_to_c.mem[0][7]$_DFFE_PP_/CLK (sky130_fd_sc_hd__edfxtp_1)
                    -0.395    4.605   library setup time
                              4.605   data required time
---------------------------------------------------------------------------
                              4.605   data required time
                             -3.008   data arrival time
---------------------------------------------------------------------------
                              1.598   slack (MET)


Startpoint: u_fifo_b_to_c.wr_ptr_bin[1]$_DFFE_PN0P_
            (rising edge-triggered flip-flop clocked by clk_mem)
Endpoint: u_fifo_b_to_c.mem[1][0]$_DFFE_PP_
          (rising edge-triggered flip-flop clocked by clk_mem)
Path Group: clk_mem
Path Type: max

     Cap     Slew    Delay     Time   Description
---------------------------------------------------------------------------
            0.000    0.000    0.000   clock clk_mem (rise edge)
                     0.000    0.000   clock network delay (ideal)
            0.000    0.000    0.000 ^ u_fifo_b_to_c.wr_ptr_bin[1]$_DFFE_PN0P_/CLK (sky130_fd_sc_hd__dfrtp_1)
   0.019    0.111    0.413    0.413 v u_fifo_b_to_c.wr_ptr_bin[1]$_DFFE_PN0P_/Q (sky130_fd_sc_hd__dfrtp_1)
            0.111    0.000    0.413 v _5320_/B (sky130_fd_sc_hd__ha_1)
   0.002    0.036    0.193    0.606 v _5320_/COUT (sky130_fd_sc_hd__ha_1)
            0.036    0.000    0.606 v _4157_/A (sky130_fd_sc_hd__buf_2)
   0.022    0.065    0.154    0.760 v _4157_/X (sky130_fd_sc_hd__buf_2)
            0.065    0.000    0.760 v _4160_/A2 (sky130_fd_sc_hd__a21bo_2)
   0.002    0.033    0.210    0.971 v _4160_/X (sky130_fd_sc_hd__a21bo_2)
            0.033    0.000    0.971 v _4164_/B1 (sky130_fd_sc_hd__a221oi_1)
   0.008    0.380    0.347    1.317 ^ _4164_/Y (sky130_fd_sc_hd__a221oi_1)
            0.380    0.000    1.317 ^ _4181_/C (sky130_fd_sc_hd__xor3_1)
   0.002    0.072    0.278    1.595 v _4181_/X (sky130_fd_sc_hd__xor3_1)
            0.072    0.000    1.595 v _4186_/C1 (sky130_fd_sc_hd__o2111ai_1)
   0.010    0.295    0.151    1.746 ^ _4186_/Y (sky130_fd_sc_hd__o2111ai_1)
            0.295    0.000    1.746 ^ _4187_/B (sky130_fd_sc_hd__nand2_1)
   0.013    0.125    0.170    1.916 v _4187_/Y (sky130_fd_sc_hd__nand2_1)
            0.125    0.000    1.916 v _4188_/A (sky130_fd_sc_hd__buf_4)
   0.027    0.053    0.197    2.113 v _4188_/X (sky130_fd_sc_hd__buf_4)
            0.053    0.000    2.113 v _4994_/C (sky130_fd_sc_hd__nor4_1)
   0.027    1.115    0.895    3.008 ^ _4994_/Y (sky130_fd_sc_hd__nor4_1)
            1.115    0.000    3.008 ^ u_fifo_b_to_c.mem[1][0]$_DFFE_PP_/DE (sky130_fd_sc_hd__edfxtp_1)
                              3.008   data arrival time

            0.000    5.000    5.000   clock clk_mem (rise edge)
                     0.000    5.000   clock network delay (ideal)
                     0.000    5.000   clock reconvergence pessimism
                              5.000 ^ u_fifo_b_to_c.mem[1][0]$_DFFE_PP_/CLK (sky130_fd_sc_hd__edfxtp_1)
                    -0.395    4.605   library setup time
                              4.605   data required time
---------------------------------------------------------------------------
                              4.605   data required time
                             -3.008   data arrival time
---------------------------------------------------------------------------
                              1.598   slack (MET)


Startpoint: u_fifo_b_to_c.wr_ptr_bin[1]$_DFFE_PN0P_
            (rising edge-triggered flip-flop clocked by clk_mem)
Endpoint: u_fifo_b_to_c.mem[1][1]$_DFFE_PP_
          (rising edge-triggered flip-flop clocked by clk_mem)
Path Group: clk_mem
Path Type: max

     Cap     Slew    Delay     Time   Description
---------------------------------------------------------------------------
            0.000    0.000    0.000   clock clk_mem (rise edge)
                     0.000    0.000   clock network delay (ideal)
            0.000    0.000    0.000 ^ u_fifo_b_to_c.wr_ptr_bin[1]$_DFFE_PN0P_/CLK (sky130_fd_sc_hd__dfrtp_1)
   0.019    0.111    0.413    0.413 v u_fifo_b_to_c.wr_ptr_bin[1]$_DFFE_PN0P_/Q (sky130_fd_sc_hd__dfrtp_1)
            0.111    0.000    0.413 v _5320_/B (sky130_fd_sc_hd__ha_1)
   0.002    0.036    0.193    0.606 v _5320_/COUT (sky130_fd_sc_hd__ha_1)
            0.036    0.000    0.606 v _4157_/A (sky130_fd_sc_hd__buf_2)
   0.022    0.065    0.154    0.760 v _4157_/X (sky130_fd_sc_hd__buf_2)
            0.065    0.000    0.760 v _4160_/A2 (sky130_fd_sc_hd__a21bo_2)
   0.002    0.033    0.210    0.971 v _4160_/X (sky130_fd_sc_hd__a21bo_2)
            0.033    0.000    0.971 v _4164_/B1 (sky130_fd_sc_hd__a221oi_1)
   0.008    0.380    0.347    1.317 ^ _4164_/Y (sky130_fd_sc_hd__a221oi_1)
            0.380    0.000    1.317 ^ _4181_/C (sky130_fd_sc_hd__xor3_1)
   0.002    0.072    0.278    1.595 v _4181_/X (sky130_fd_sc_hd__xor3_1)
            0.072    0.000    1.595 v _4186_/C1 (sky130_fd_sc_hd__o2111ai_1)
   0.010    0.295    0.151    1.746 ^ _4186_/Y (sky130_fd_sc_hd__o2111ai_1)
            0.295    0.000    1.746 ^ _4187_/B (sky130_fd_sc_hd__nand2_1)
   0.013    0.125    0.170    1.916 v _4187_/Y (sky130_fd_sc_hd__nand2_1)
            0.125    0.000    1.916 v _4188_/A (sky130_fd_sc_hd__buf_4)
   0.027    0.053    0.197    2.113 v _4188_/X (sky130_fd_sc_hd__buf_4)
            0.053    0.000    2.113 v _4994_/C (sky130_fd_sc_hd__nor4_1)
   0.027    1.115    0.895    3.008 ^ _4994_/Y (sky130_fd_sc_hd__nor4_1)
            1.115    0.000    3.008 ^ u_fifo_b_to_c.mem[1][1]$_DFFE_PP_/DE (sky130_fd_sc_hd__edfxtp_1)
                              3.008   data arrival time

            0.000    5.000    5.000   clock clk_mem (rise edge)
                     0.000    5.000   clock network delay (ideal)
                     0.000    5.000   clock reconvergence pessimism
                              5.000 ^ u_fifo_b_to_c.mem[1][1]$_DFFE_PP_/CLK (sky130_fd_sc_hd__edfxtp_1)
                    -0.395    4.605   library setup time
                              4.605   data required time
---------------------------------------------------------------------------
                              4.605   data required time
                             -3.008   data arrival time
---------------------------------------------------------------------------
                              1.598   slack (MET)


Startpoint: u_fifo_d_to_e.rd_ptr_bin[1]$_DFFE_PN0P_
            (rising edge-triggered flip-flop clocked by clk_periph)
Endpoint: u_fifo_d_to_e.rd_data[2]$_DFFE_PN0P_
          (rising edge-triggered flip-flop clocked by clk_periph)
Path Group: clk_periph
Path Type: max

     Cap     Slew    Delay     Time   Description
---------------------------------------------------------------------------
            0.000    0.000    0.000   clock clk_periph (rise edge)
                     0.000    0.000   clock network delay (ideal)
            0.000    0.000    0.000 ^ u_fifo_d_to_e.rd_ptr_bin[1]$_DFFE_PN0P_/CLK (sky130_fd_sc_hd__dfrtp_1)
   0.016    0.150    0.382    0.382 ^ u_fifo_d_to_e.rd_ptr_bin[1]$_DFFE_PN0P_/Q (sky130_fd_sc_hd__dfrtp_1)
            0.150    0.000    0.382 ^ _3005_/A (sky130_fd_sc_hd__inv_1)
   0.007    0.059    0.082    0.464 v _3005_/Y (sky130_fd_sc_hd__inv_1)
            0.059    0.000    0.464 v _5262_/B (sky130_fd_sc_hd__ha_1)
   0.002    0.038    0.172    0.636 v _5262_/COUT (sky130_fd_sc_hd__ha_1)
            0.038    0.000    0.636 v _4423_/A (sky130_fd_sc_hd__clkbuf_1)
   0.022    0.129    0.167    0.803 v _4423_/X (sky130_fd_sc_hd__clkbuf_1)
            0.129    0.000    0.803 v _4426_/B (sky130_fd_sc_hd__nor4b_1)
   0.021    0.945    0.830    1.633 ^ _4426_/Y (sky130_fd_sc_hd__nor4b_1)
            0.945    0.000    1.633 ^ _4516_/A2 (sky130_fd_sc_hd__a22oi_1)
   0.002    0.149    0.195    1.828 v _4516_/Y (sky130_fd_sc_hd__a22oi_1)
            0.149    0.000    1.828 v _4522_/A2 (sky130_fd_sc_hd__a31oi_1)
   0.003    0.122    0.191    2.020 ^ _4522_/Y (sky130_fd_sc_hd__a31oi_1)
            0.122    0.000    2.020 ^ _4523_/B1 (sky130_fd_sc_hd__a21o_1)
   0.002    0.034    0.092    2.112 ^ _4523_/X (sky130_fd_sc_hd__a21o_1)
            0.034    0.000    2.112 ^ u_fifo_d_to_e.rd_data[2]$_DFFE_PN0P_/D (sky130_fd_sc_hd__dfrtp_1)
                              2.112   data arrival time

            0.000   20.000   20.000   clock clk_periph (rise edge)
                     0.000   20.000   clock network delay (ideal)
                     0.000   20.000   clock reconvergence pessimism
                             20.000 ^ u_fifo_d_to_e.rd_data[2]$_DFFE_PN0P_/CLK (sky130_fd_sc_hd__dfrtp_1)
                    -0.064   19.936   library setup time
                             19.936   data required time
---------------------------------------------------------------------------
                             19.936   data required time
                             -2.112   data arrival time
---------------------------------------------------------------------------
                             17.824   slack (MET)


Startpoint: u_fifo_d_to_e.rd_ptr_bin[1]$_DFFE_PN0P_
            (rising edge-triggered flip-flop clocked by clk_periph)
Endpoint: u_fifo_d_to_e.rd_data[4]$_DFFE_PN0P_
          (rising edge-triggered flip-flop clocked by clk_periph)
Path Group: clk_periph
Path Type: max

     Cap     Slew    Delay     Time   Description
---------------------------------------------------------------------------
            0.000    0.000    0.000   clock clk_periph (rise edge)
                     0.000    0.000   clock network delay (ideal)
            0.000    0.000    0.000 ^ u_fifo_d_to_e.rd_ptr_bin[1]$_DFFE_PN0P_/CLK (sky130_fd_sc_hd__dfrtp_1)
   0.016    0.150    0.382    0.382 ^ u_fifo_d_to_e.rd_ptr_bin[1]$_DFFE_PN0P_/Q (sky130_fd_sc_hd__dfrtp_1)
            0.150    0.000    0.382 ^ _3005_/A (sky130_fd_sc_hd__inv_1)
   0.007    0.059    0.082    0.464 v _3005_/Y (sky130_fd_sc_hd__inv_1)
            0.059    0.000    0.464 v _5262_/B (sky130_fd_sc_hd__ha_1)
   0.002    0.038    0.172    0.636 v _5262_/COUT (sky130_fd_sc_hd__ha_1)
            0.038    0.000    0.636 v _4423_/A (sky130_fd_sc_hd__clkbuf_1)
   0.022    0.129    0.167    0.803 v _4423_/X (sky130_fd_sc_hd__clkbuf_1)
            0.129    0.000    0.803 v _4426_/B (sky130_fd_sc_hd__nor4b_1)
   0.021    0.945    0.830    1.633 ^ _4426_/Y (sky130_fd_sc_hd__nor4b_1)
            0.945    0.000    1.633 ^ _4473_/A2 (sky130_fd_sc_hd__a222oi_1)
   0.002    0.161    0.251    1.884 v _4473_/Y (sky130_fd_sc_hd__a222oi_1)
            0.161    0.000    1.884 v _4482_/A2 (sky130_fd_sc_hd__a31oi_1)
   0.002    0.111    0.186    2.070 ^ _4482_/Y (sky130_fd_sc_hd__a31oi_1)
            0.111    0.000    2.070 ^ u_fifo_d_to_e.rd_data[4]$_DFFE_PN0P_/D (sky130_fd_sc_hd__dfrtp_1)
                              2.070   data arrival time

            0.000   20.000   20.000   clock clk_periph (rise edge)
                     0.000   20.000   clock network delay (ideal)
                     0.000   20.000   clock reconvergence pessimism
                             20.000 ^ u_fifo_d_to_e.rd_data[4]$_DFFE_PN0P_/CLK (sky130_fd_sc_hd__dfrtp_1)
                    -0.082   19.918   library setup time
                             19.918   data required time
---------------------------------------------------------------------------
                             19.918   data required time
                             -2.070   data arrival time
---------------------------------------------------------------------------
                             17.848   slack (MET)


Startpoint: u_fifo_d_to_e.rd_ptr_bin[1]$_DFFE_PN0P_
            (rising edge-triggered flip-flop clocked by clk_periph)
Endpoint: u_fifo_d_to_e.rd_data[5]$_DFFE_PN0P_
          (rising edge-triggered flip-flop clocked by clk_periph)
Path Group: clk_periph
Path Type: max

     Cap     Slew    Delay     Time   Description
---------------------------------------------------------------------------
            0.000    0.000    0.000   clock clk_periph (rise edge)
                     0.000    0.000   clock network delay (ideal)
            0.000    0.000    0.000 ^ u_fifo_d_to_e.rd_ptr_bin[1]$_DFFE_PN0P_/CLK (sky130_fd_sc_hd__dfrtp_1)
   0.016    0.150    0.382    0.382 ^ u_fifo_d_to_e.rd_ptr_bin[1]$_DFFE_PN0P_/Q (sky130_fd_sc_hd__dfrtp_1)
            0.150    0.000    0.382 ^ _3005_/A (sky130_fd_sc_hd__inv_1)
   0.007    0.059    0.082    0.464 v _3005_/Y (sky130_fd_sc_hd__inv_1)
            0.059    0.000    0.464 v _5262_/B (sky130_fd_sc_hd__ha_1)
   0.002    0.038    0.172    0.636 v _5262_/COUT (sky130_fd_sc_hd__ha_1)
            0.038    0.000    0.636 v _4423_/A (sky130_fd_sc_hd__clkbuf_1)
   0.022    0.129    0.167    0.803 v _4423_/X (sky130_fd_sc_hd__clkbuf_1)
            0.129    0.000    0.803 v _4426_/B (sky130_fd_sc_hd__nor4b_1)
   0.021    0.945    0.830    1.633 ^ _4426_/Y (sky130_fd_sc_hd__nor4b_1)
            0.945    0.000    1.633 ^ _4462_/C1 (sky130_fd_sc_hd__a2111oi_0)
   0.002    0.177    0.146    1.780 v _4462_/Y (sky130_fd_sc_hd__a2111oi_0)
            0.177    0.000    1.780 v _4465_/A2 (sky130_fd_sc_hd__o31ai_1)
   0.002    0.170    0.249    2.029 ^ _4465_/Y (sky130_fd_sc_hd__o31ai_1)
            0.170    0.000    2.029 ^ u_fifo_d_to_e.rd_data[5]$_DFFE_PN0P_/D (sky130_fd_sc_hd__dfrtp_1)
                              2.029   data arrival time

            0.000   20.000   20.000   clock clk_periph (rise edge)
                     0.000   20.000   clock network delay (ideal)
                     0.000   20.000   clock reconvergence pessimism
                             20.000 ^ u_fifo_d_to_e.rd_data[5]$_DFFE_PN0P_/CLK (sky130_fd_sc_hd__dfrtp_1)
                    -0.096   19.904   library setup time
                             19.904   data required time
---------------------------------------------------------------------------
                             19.904   data required time
                             -2.029   data arrival time
---------------------------------------------------------------------------
                             17.875   slack (MET)


Startpoint: u_fifo_d_to_e.rd_ptr_bin[1]$_DFFE_PN0P_
            (rising edge-triggered flip-flop clocked by clk_periph)
Endpoint: u_fifo_d_to_e.rd_data[3]$_DFFE_PN0P_
          (rising edge-triggered flip-flop clocked by clk_periph)
Path Group: clk_periph
Path Type: max

     Cap     Slew    Delay     Time   Description
---------------------------------------------------------------------------
            0.000    0.000    0.000   clock clk_periph (rise edge)
                     0.000    0.000   clock network delay (ideal)
            0.000    0.000    0.000 ^ u_fifo_d_to_e.rd_ptr_bin[1]$_DFFE_PN0P_/CLK (sky130_fd_sc_hd__dfrtp_1)
   0.016    0.150    0.382    0.382 ^ u_fifo_d_to_e.rd_ptr_bin[1]$_DFFE_PN0P_/Q (sky130_fd_sc_hd__dfrtp_1)
            0.150    0.000    0.382 ^ _3005_/A (sky130_fd_sc_hd__inv_1)
   0.007    0.059    0.082    0.464 v _3005_/Y (sky130_fd_sc_hd__inv_1)
            0.059    0.000    0.464 v _5262_/B (sky130_fd_sc_hd__ha_1)
   0.002    0.038    0.172    0.636 v _5262_/COUT (sky130_fd_sc_hd__ha_1)
            0.038    0.000    0.636 v _4423_/A (sky130_fd_sc_hd__clkbuf_1)
   0.022    0.129    0.167    0.803 v _4423_/X (sky130_fd_sc_hd__clkbuf_1)
            0.129    0.000    0.803 v _4426_/B (sky130_fd_sc_hd__nor4b_1)
   0.021    0.945    0.830    1.633 ^ _4426_/Y (sky130_fd_sc_hd__nor4b_1)
            0.945    0.000    1.633 ^ _4495_/B (sky130_fd_sc_hd__nand2_1)
   0.002    0.124    0.106    1.739 v _4495_/Y (sky130_fd_sc_hd__nand2_1)
            0.124    0.000    1.739 v _4501_/C1 (sky130_fd_sc_hd__o2111ai_1)
   0.002    0.153    0.116    1.856 ^ _4501_/Y (sky130_fd_sc_hd__o2111ai_1)
            0.153    0.000    1.856 ^ _4502_/B1 (sky130_fd_sc_hd__a21oi_1)
   0.002    0.073    0.048    1.904 v _4502_/Y (sky130_fd_sc_hd__a21oi_1)
            0.073    0.000    1.904 v _4504_/A2 (sky130_fd_sc_hd__o21ai_0)
   0.002    0.114    0.133    2.037 ^ _4504_/Y (sky130_fd_sc_hd__o21ai_0)
            0.114    0.000    2.037 ^ u_fifo_d_to_e.rd_data[3]$_DFFE_PN0P_/D (sky130_fd_sc_hd__dfrtp_1)
                              2.037   data arrival time

            0.000   20.000   20.000   clock clk_periph (rise edge)
                     0.000   20.000   clock network delay (ideal)
                     0.000   20.000   clock reconvergence pessimism
                             20.000 ^ u_fifo_d_to_e.rd_data[3]$_DFFE_PN0P_/CLK (sky130_fd_sc_hd__dfrtp_1)
                    -0.083   19.917   library setup time
                             19.917   data required time
---------------------------------------------------------------------------
                             19.917   data required time
                             -2.037   data arrival time
---------------------------------------------------------------------------
                             17.881   slack (MET)


Startpoint: u_fifo_d_to_e.rd_ptr_bin[1]$_DFFE_PN0P_
            (rising edge-triggered flip-flop clocked by clk_periph)
Endpoint: u_fifo_d_to_e.rd_data[6]$_DFFE_PN0P_
          (rising edge-triggered flip-flop clocked by clk_periph)
Path Group: clk_periph
Path Type: max

     Cap     Slew    Delay     Time   Description
---------------------------------------------------------------------------
            0.000    0.000    0.000   clock clk_periph (rise edge)
                     0.000    0.000   clock network delay (ideal)
            0.000    0.000    0.000 ^ u_fifo_d_to_e.rd_ptr_bin[1]$_DFFE_PN0P_/CLK (sky130_fd_sc_hd__dfrtp_1)
   0.016    0.150    0.382    0.382 ^ u_fifo_d_to_e.rd_ptr_bin[1]$_DFFE_PN0P_/Q (sky130_fd_sc_hd__dfrtp_1)
            0.150    0.000    0.382 ^ _3005_/A (sky130_fd_sc_hd__inv_1)
   0.007    0.059    0.082    0.464 v _3005_/Y (sky130_fd_sc_hd__inv_1)
            0.059    0.000    0.464 v _5262_/B (sky130_fd_sc_hd__ha_1)
   0.002    0.038    0.172    0.636 v _5262_/COUT (sky130_fd_sc_hd__ha_1)
            0.038    0.000    0.636 v _4423_/A (sky130_fd_sc_hd__clkbuf_1)
   0.022    0.129    0.167    0.803 v _4423_/X (sky130_fd_sc_hd__clkbuf_1)
            0.129    0.000    0.803 v _4426_/B (sky130_fd_sc_hd__nor4b_1)
   0.021    0.945    0.830    1.633 ^ _4426_/Y (sky130_fd_sc_hd__nor4b_1)
            0.945    0.000    1.633 ^ _4430_/A2 (sky130_fd_sc_hd__a22oi_1)
   0.002    0.149    0.195    1.828 v _4430_/Y (sky130_fd_sc_hd__a22oi_1)
            0.149    0.000    1.828 v _4447_/A2 (sky130_fd_sc_hd__a31oi_1)
   0.002    0.111    0.182    2.010 ^ _4447_/Y (sky130_fd_sc_hd__a31oi_1)
            0.111    0.000    2.010 ^ u_fifo_d_to_e.rd_data[6]$_DFFE_PN0P_/D (sky130_fd_sc_hd__dfrtp_1)
                              2.010   data arrival time

            0.000   20.000   20.000   clock clk_periph (rise edge)
                     0.000   20.000   clock network delay (ideal)
                     0.000   20.000   clock reconvergence pessimism
                             20.000 ^ u_fifo_d_to_e.rd_data[6]$_DFFE_PN0P_/CLK (sky130_fd_sc_hd__dfrtp_1)
                    -0.082   19.918   library setup time
                             19.918   data required time
---------------------------------------------------------------------------
                             19.918   data required time
                             -2.010   data arrival time
---------------------------------------------------------------------------
                             17.908   slack (MET)


Startpoint: u_fifo_d_to_e.rd_ptr_bin[1]$_DFFE_PN0P_
            (rising edge-triggered flip-flop clocked by clk_periph)
Endpoint: u_fifo_d_to_e.rd_data[7]$_DFFE_PN0P_
          (rising edge-triggered flip-flop clocked by clk_periph)
Path Group: clk_periph
Path Type: max

     Cap     Slew    Delay     Time   Description
---------------------------------------------------------------------------
            0.000    0.000    0.000   clock clk_periph (rise edge)
                     0.000    0.000   clock network delay (ideal)
            0.000    0.000    0.000 ^ u_fifo_d_to_e.rd_ptr_bin[1]$_DFFE_PN0P_/CLK (sky130_fd_sc_hd__dfrtp_1)
   0.016    0.150    0.382    0.382 ^ u_fifo_d_to_e.rd_ptr_bin[1]$_DFFE_PN0P_/Q (sky130_fd_sc_hd__dfrtp_1)
            0.150    0.000    0.382 ^ _3005_/A (sky130_fd_sc_hd__inv_1)
   0.007    0.059    0.082    0.464 v _3005_/Y (sky130_fd_sc_hd__inv_1)
            0.059    0.000    0.464 v _5262_/B (sky130_fd_sc_hd__ha_1)
   0.002    0.038    0.172    0.636 v _5262_/COUT (sky130_fd_sc_hd__ha_1)
            0.038    0.000    0.636 v _4423_/A (sky130_fd_sc_hd__clkbuf_1)
   0.022    0.129    0.167    0.803 v _4423_/X (sky130_fd_sc_hd__clkbuf_1)
            0.129    0.000    0.803 v _4426_/B (sky130_fd_sc_hd__nor4b_1)
   0.021    0.945    0.830    1.633 ^ _4426_/Y (sky130_fd_sc_hd__nor4b_1)
            0.945    0.000    1.633 ^ _4913_/A2 (sky130_fd_sc_hd__a22oi_1)
   0.002    0.149    0.195    1.828 v _4913_/Y (sky130_fd_sc_hd__a22oi_1)
            0.149    0.000    1.828 v _4926_/A2 (sky130_fd_sc_hd__a31oi_1)
   0.002    0.111    0.182    2.010 ^ _4926_/Y (sky130_fd_sc_hd__a31oi_1)
            0.111    0.000    2.010 ^ u_fifo_d_to_e.rd_data[7]$_DFFE_PN0P_/D (sky130_fd_sc_hd__dfrtp_1)
                              2.010   data arrival time

            0.000   20.000   20.000   clock clk_periph (rise edge)
                     0.000   20.000   clock network delay (ideal)
                     0.000   20.000   clock reconvergence pessimism
                             20.000 ^ u_fifo_d_to_e.rd_data[7]$_DFFE_PN0P_/CLK (sky130_fd_sc_hd__dfrtp_1)
                    -0.082   19.918   library setup time
                             19.918   data required time
---------------------------------------------------------------------------
                             19.918   data required time
                             -2.010   data arrival time
---------------------------------------------------------------------------
                             17.908   slack (MET)


Startpoint: u_fifo_d_to_e.rd_ptr_bin[1]$_DFFE_PN0P_
            (rising edge-triggered flip-flop clocked by clk_periph)
Endpoint: u_fifo_d_to_e.rd_data[1]$_DFFE_PN0P_
          (rising edge-triggered flip-flop clocked by clk_periph)
Path Group: clk_periph
Path Type: max

     Cap     Slew    Delay     Time   Description
---------------------------------------------------------------------------
            0.000    0.000    0.000   clock clk_periph (rise edge)
                     0.000    0.000   clock network delay (ideal)
            0.000    0.000    0.000 ^ u_fifo_d_to_e.rd_ptr_bin[1]$_DFFE_PN0P_/CLK (sky130_fd_sc_hd__dfrtp_1)
   0.016    0.150    0.382    0.382 ^ u_fifo_d_to_e.rd_ptr_bin[1]$_DFFE_PN0P_/Q (sky130_fd_sc_hd__dfrtp_1)
            0.150    0.000    0.382 ^ _3005_/A (sky130_fd_sc_hd__inv_1)
   0.007    0.059    0.082    0.464 v _3005_/Y (sky130_fd_sc_hd__inv_1)
            0.059    0.000    0.464 v _5262_/B (sky130_fd_sc_hd__ha_1)
   0.002    0.038    0.172    0.636 v _5262_/COUT (sky130_fd_sc_hd__ha_1)
            0.038    0.000    0.636 v _4423_/A (sky130_fd_sc_hd__clkbuf_1)
   0.022    0.129    0.167    0.803 v _4423_/X (sky130_fd_sc_hd__clkbuf_1)
            0.129    0.000    0.803 v _4426_/B (sky130_fd_sc_hd__nor4b_1)
   0.021    0.945    0.830    1.633 ^ _4426_/Y (sky130_fd_sc_hd__nor4b_1)
            0.945    0.000    1.633 ^ _4539_/A2 (sky130_fd_sc_hd__a21oi_1)
   0.002    0.130    0.147    1.780 v _4539_/Y (sky130_fd_sc_hd__a21oi_1)
            0.130    0.000    1.780 v _4541_/A3 (sky130_fd_sc_hd__a31oi_1)
   0.002    0.111    0.178    1.958 ^ _4541_/Y (sky130_fd_sc_hd__a31oi_1)
            0.111    0.000    1.958 ^ u_fifo_d_to_e.rd_data[1]$_DFFE_PN0P_/D (sky130_fd_sc_hd__dfrtp_1)
                              1.958   data arrival time

            0.000   20.000   20.000   clock clk_periph (rise edge)
                     0.000   20.000   clock network delay (ideal)
                     0.000   20.000   clock reconvergence pessimism
                             20.000 ^ u_fifo_d_to_e.rd_data[1]$_DFFE_PN0P_/CLK (sky130_fd_sc_hd__dfrtp_1)
                    -0.082   19.918   library setup time
                             19.918   data required time
---------------------------------------------------------------------------
                             19.918   data required time
                             -1.958   data arrival time
---------------------------------------------------------------------------
                             17.960   slack (MET)


Startpoint: u_fifo_d_to_e.rd_ptr_bin[1]$_DFFE_PN0P_
            (rising edge-triggered flip-flop clocked by clk_periph)
Endpoint: u_fifo_d_to_e.rd_data[0]$_DFFE_PN0P_
          (rising edge-triggered flip-flop clocked by clk_periph)
Path Group: clk_periph
Path Type: max

     Cap     Slew    Delay     Time   Description
---------------------------------------------------------------------------
            0.000    0.000    0.000   clock clk_periph (rise edge)
                     0.000    0.000   clock network delay (ideal)
            0.000    0.000    0.000 ^ u_fifo_d_to_e.rd_ptr_bin[1]$_DFFE_PN0P_/CLK (sky130_fd_sc_hd__dfrtp_1)
   0.016    0.150    0.382    0.382 ^ u_fifo_d_to_e.rd_ptr_bin[1]$_DFFE_PN0P_/Q (sky130_fd_sc_hd__dfrtp_1)
            0.150    0.000    0.382 ^ _3005_/A (sky130_fd_sc_hd__inv_1)
   0.007    0.059    0.082    0.464 v _3005_/Y (sky130_fd_sc_hd__inv_1)
            0.059    0.000    0.464 v _5262_/B (sky130_fd_sc_hd__ha_1)
   0.002    0.038    0.172    0.636 v _5262_/COUT (sky130_fd_sc_hd__ha_1)
            0.038    0.000    0.636 v _4423_/A (sky130_fd_sc_hd__clkbuf_1)
   0.022    0.129    0.167    0.803 v _4423_/X (sky130_fd_sc_hd__clkbuf_1)
            0.129    0.000    0.803 v _4426_/B (sky130_fd_sc_hd__nor4b_1)
   0.021    0.945    0.830    1.633 ^ _4426_/Y (sky130_fd_sc_hd__nor4b_1)
            0.945    0.000    1.633 ^ _4555_/A2 (sky130_fd_sc_hd__a21oi_1)
   0.002    0.123    0.136    1.769 v _4555_/Y (sky130_fd_sc_hd__a21oi_1)
            0.123    0.000    1.769 v _4557_/A2 (sky130_fd_sc_hd__o21ai_0)
   0.002    0.114    0.153    1.922 ^ _4557_/Y (sky130_fd_sc_hd__o21ai_0)
            0.114    0.000    1.922 ^ u_fifo_d_to_e.rd_data[0]$_DFFE_PN0P_/D (sky130_fd_sc_hd__dfrtp_1)
                              1.922   data arrival time

            0.000   20.000   20.000   clock clk_periph (rise edge)
                     0.000   20.000   clock network delay (ideal)
                     0.000   20.000   clock reconvergence pessimism
                             20.000 ^ u_fifo_d_to_e.rd_data[0]$_DFFE_PN0P_/CLK (sky130_fd_sc_hd__dfrtp_1)
                    -0.083   19.917   library setup time
                             19.917   data required time
---------------------------------------------------------------------------
                             19.917   data required time
                             -1.922   data arrival time
---------------------------------------------------------------------------
                             17.996   slack (MET)


Startpoint: u_fifo_d_to_e.rd_ptr_bin[2]$_DFFE_PN0P_
            (rising edge-triggered flip-flop clocked by clk_periph)
Endpoint: u_fifo_d_to_e.rd_ptr_gray[2]$_DFFE_PN0P_
          (rising edge-triggered flip-flop clocked by clk_periph)
Path Group: clk_periph
Path Type: max

     Cap     Slew    Delay     Time   Description
---------------------------------------------------------------------------
            0.000    0.000    0.000   clock clk_periph (rise edge)
                     0.000    0.000   clock network delay (ideal)
            0.000    0.000    0.000 ^ u_fifo_d_to_e.rd_ptr_bin[2]$_DFFE_PN0P_/CLK (sky130_fd_sc_hd__dfrtp_1)
   0.002    0.042    0.293    0.293 ^ u_fifo_d_to_e.rd_ptr_bin[2]$_DFFE_PN0P_/Q (sky130_fd_sc_hd__dfrtp_1)
            0.042    0.000    0.293 ^ _4387_/A (sky130_fd_sc_hd__clkbuf_1)
   0.025    0.301    0.256    0.549 ^ _4387_/X (sky130_fd_sc_hd__clkbuf_1)
            0.301    0.000    0.549 ^ _4401_/A (sky130_fd_sc_hd__buf_1)
   0.039    0.455    0.410    0.959 ^ _4401_/X (sky130_fd_sc_hd__buf_1)
            0.455    0.000    0.959 ^ _4402_/A (sky130_fd_sc_hd__clkbuf_1)
   0.025    0.303    0.315    1.274 ^ _4402_/X (sky130_fd_sc_hd__clkbuf_1)
            0.303    0.000    1.274 ^ _4403_/A (sky130_fd_sc_hd__xnor2_1)
   0.009    0.248    0.206    1.480 ^ _4403_/Y (sky130_fd_sc_hd__xnor2_1)
            0.248    0.000    1.480 ^ _4404_/B (sky130_fd_sc_hd__xor2_1)
   0.002    0.107    0.162    1.642 ^ _4404_/X (sky130_fd_sc_hd__xor2_1)
            0.107    0.000    1.642 ^ _4405_/B (sky130_fd_sc_hd__nand2_1)
   0.002    0.071    0.059    1.702 v _4405_/Y (sky130_fd_sc_hd__nand2_1)
            0.071    0.000    1.702 v _4406_/B (sky130_fd_sc_hd__nand2_1)
   0.002    0.041    0.067    1.769 ^ _4406_/Y (sky130_fd_sc_hd__nand2_1)
            0.041    0.000    1.769 ^ u_fifo_d_to_e.rd_ptr_gray[2]$_DFFE_PN0P_/D (sky130_fd_sc_hd__dfrtp_1)
                              1.769   data arrival time

            0.000   20.000   20.000   clock clk_periph (rise edge)
                     0.000   20.000   clock network delay (ideal)
                     0.000   20.000   clock reconvergence pessimism
                             20.000 ^ u_fifo_d_to_e.rd_ptr_gray[2]$_DFFE_PN0P_/CLK (sky130_fd_sc_hd__dfrtp_1)
                    -0.066   19.934   library setup time
                             19.934   data required time
---------------------------------------------------------------------------
                             19.934   data required time
                             -1.769   data arrival time
---------------------------------------------------------------------------
                             18.165   slack (MET)


Startpoint: u_fifo_d_to_e.rd_ptr_bin[2]$_DFFE_PN0P_
            (rising edge-triggered flip-flop clocked by clk_periph)
Endpoint: u_fifo_d_to_e.rd_ptr_gray[1]$_DFFE_PN0P_
          (rising edge-triggered flip-flop clocked by clk_periph)
Path Group: clk_periph
Path Type: max

     Cap     Slew    Delay     Time   Description
---------------------------------------------------------------------------
            0.000    0.000    0.000   clock clk_periph (rise edge)
                     0.000    0.000   clock network delay (ideal)
            0.000    0.000    0.000 ^ u_fifo_d_to_e.rd_ptr_bin[2]$_DFFE_PN0P_/CLK (sky130_fd_sc_hd__dfrtp_1)
   0.002    0.042    0.293    0.293 ^ u_fifo_d_to_e.rd_ptr_bin[2]$_DFFE_PN0P_/Q (sky130_fd_sc_hd__dfrtp_1)
            0.042    0.000    0.293 ^ _4387_/A (sky130_fd_sc_hd__clkbuf_1)
   0.025    0.301    0.256    0.549 ^ _4387_/X (sky130_fd_sc_hd__clkbuf_1)
            0.301    0.000    0.549 ^ _4401_/A (sky130_fd_sc_hd__buf_1)
   0.039    0.455    0.410    0.959 ^ _4401_/X (sky130_fd_sc_hd__buf_1)
            0.455    0.000    0.959 ^ _4402_/A (sky130_fd_sc_hd__clkbuf_1)
   0.025    0.303    0.315    1.274 ^ _4402_/X (sky130_fd_sc_hd__clkbuf_1)
            0.303    0.000    1.274 ^ _4403_/A (sky130_fd_sc_hd__xnor2_1)
   0.009    0.248    0.206    1.480 ^ _4403_/Y (sky130_fd_sc_hd__xnor2_1)
            0.248    0.000    1.480 ^ _4408_/B (sky130_fd_sc_hd__xnor2_1)
   0.002    0.111    0.146    1.626 ^ _4408_/Y (sky130_fd_sc_hd__xnor2_1)
            0.111    0.000    1.626 ^ _4409_/B (sky130_fd_sc_hd__nand2_1)
   0.002    0.071    0.060    1.687 v _4409_/Y (sky130_fd_sc_hd__nand2_1)
            0.071    0.000    1.687 v _4410_/B (sky130_fd_sc_hd__nand2_1)
   0.002    0.041    0.067    1.754 ^ _4410_/Y (sky130_fd_sc_hd__nand2_1)
            0.041    0.000    1.754 ^ u_fifo_d_to_e.rd_ptr_gray[1]$_DFFE_PN0P_/D (sky130_fd_sc_hd__dfrtp_1)
                              1.754   data arrival time

            0.000   20.000   20.000   clock clk_periph (rise edge)
                     0.000   20.000   clock network delay (ideal)
                     0.000   20.000   clock reconvergence pessimism
                             20.000 ^ u_fifo_d_to_e.rd_ptr_gray[1]$_DFFE_PN0P_/CLK (sky130_fd_sc_hd__dfrtp_1)
                    -0.066   19.934   library setup time
                             19.934   data required time
---------------------------------------------------------------------------
                             19.934   data required time
                             -1.754   data arrival time
---------------------------------------------------------------------------
                             18.180   slack (MET)


